complaint,station,category,priorityLevel
Main Gate: Additional lighting is needed around the security checking area at night.,Main Gate,Security,High
The internet connection in the library is slow during study hours.,Library,Technical Issues,Low
Some parts of the volleyball court flooring are loose and may cause students to trip.,Pedestrian,Infrastructure,Medium
The CCTV camera near the main gate is not functioning properly.,Main Gate,Security,High
The badminton court flooring has worn-out areas that need repair.,Pedestrian,Infrastructure,Medium
Air circulation in the indoor sports area is poor and the hall feels stuffy.,Pedestrian,Infrastructure,Medium
Pedestrian Area: Several badminton rackets are worn out and should be replaced.,Pedestrian,Athletics And Sports,Low
Library: Important reference books are unavailable when students need them for academic work.,Library,Academic Support And Resources,Low
Main Gate: Students are sometimes unclear about the entry requirements because instructions are not communicated consistently.,Main Gate,Security,Medium
Pedestrian Area: The storage cabinet for badminton equipment is damaged and difficult to use.,Pedestrian,Infrastructure,Medium
Students walking through the main gate have difficulty crossing because of moving vehicles.,Main Gate,Safety,High
Main Gate: The entrance becomes difficult to access because of congestion during peak hours.,Main Gate,Student Affairs,Medium
Library: Some reading lamps in the study area are not functioning.,Library,Infrastructure,Medium
Frequently used sports equipment needs servicing because some items are becoming difficult to use.,Pedestrian,Athletics And Sports,Low
The library printer is not working when students need to print academic documents.,Library,Technical Issues,Medium
Library: Students are talking loudly in the study area and it is difficult to concentrate.,Library,Student Affairs,Low
Water is leaking from the ceiling of the indoor sports hall during rain.,Pedestrian,Infrastructure,High
Water remains on the volleyball court after rain because drainage is not adequate.,Pedestrian,Infrastructure,Medium
Main Gate: The entrance becomes littered after campus events and needs immediate cleaning.,Main Gate,Cleanliness,Low
There are not enough security personnel during peak hours at the main gate.,Main Gate,Security,High
Rainwater accumulates near the volleyball court and makes the area difficult to use.,Pedestrian,Infrastructure,Medium
The security cabin at the main gate requires general maintenance.,Main Gate,Infrastructure,Medium
Some library shelves are damaged and require repair.,Library,Infrastructure,Low
The indoor sports hall becomes very hot during practice because ventilation is not adequate.,Pedestrian,Infrastructure,Medium
Library: Several study tables have damaged surfaces and need maintenance.,Library,Infrastructure,Low
The lights around the volleyball court are insufficient during evening practice.,Pedestrian,Infrastructure,Medium
Students waiting near the main gate need better shelter from sun and rain.,Main Gate,Infrastructure,Low
There are not enough chairs and study seats available in the library during busy hours.,Library,Academic Support And Resources,Low
The changing area near the indoor sports hall is not cleaned regularly.,Pedestrian,Cleanliness,Low
The door of the indoor sports hall is damaged and does not close properly.,Pedestrian,Infrastructure,Medium
The indoor sports area has several small maintenance issues that should be inspected and fixed.,Pedestrian,Infrastructure,Medium
The badminton court needs brighter lighting for proper visibility.,Pedestrian,Infrastructure,Medium
The road surface near the main gate has potholes and needs repair.,Main Gate,Infrastructure,Low
One of the library computers is not starting and needs technical support.,Library,Technical Issues,Medium
Improper parking near the main gate causes congestion during busy hours.,Main Gate,Student Affairs,Medium
Pedestrian Area: Students are facing a shortage of usable shuttlecocks during practice.,Pedestrian,Athletics And Sports,Medium
The drinking water facility near the library is not working properly.,Library,Student Affairs,Medium
The library has poor air circulation in the afternoon.,Library,Infrastructure,Low
Library: The online catalog does not always show the correct availability of books.,Library,Technical Issues,Low
The indoor sports hall floor is dusty and needs regular cleaning before students use it.,Pedestrian,Cleanliness,Low
There is no clearly marked place for reporting or collecting items left in the library.,Library,Student Affairs,Low
Pedestrian Area: A section of fencing around the volleyball area is damaged and needs repair.,Pedestrian,Infrastructure,Medium
The lights above the badminton court are not working properly.,Pedestrian,Infrastructure,Medium
Dust and dirt are collecting on the volleyball court and it needs proper cleaning.,Pedestrian,Cleanliness,Low
The computers provided in the library are very slow and affect student work.,Library,Technical Issues,Low
Bicycles are being parked randomly near the main gate and blocking the pathway.,Main Gate,Student Affairs,Low
Traffic direction signs near the main gate are insufficient.,Main Gate,Safety,High
Pedestrian Area: There are not enough usable badminton rackets available for students.,Pedestrian,Athletics And Sports,Medium
Some commonly used indoor sports equipment is missing from the storage area.,Pedestrian,Athletics And Sports,Low
There is a long queue of vehicles while leaving through the main gate.,Main Gate,Student Affairs,Medium
Pedestrian Area: Volleyballs and nets are not being stored properly after practice.,Pedestrian,Athletics And Sports,Low
The volleyball poles do not appear stable and need to be checked before the court is used.,Pedestrian,Athletics And Sports,Medium
Visitor entry at the main gate needs a clearer and faster verification process.,Main Gate,Security,Medium
ID checking at the main gate takes too long during busy periods.,Main Gate,Security,Medium
Dust from vehicles is making the area around the main gate uncomfortable.,Main Gate,Cleanliness,Medium
Pedestrian Area: Water enters the badminton area through the ceiling when it rains.,Pedestrian,Infrastructure,Medium
Pedestrian Area: The volleyball equipment is old and some items need to be replaced.,Pedestrian,Athletics And Sports,Low
The library entrance door does not close properly and needs repair.,Library,Infrastructure,Low
The pedestrian path near the main gate has uneven sections and needs repair.,Main Gate,Infrastructure,Medium
Students using the indoor sports hall do not have convenient access to drinking water.,Pedestrian,Student Affairs,Low
The volleyball court should be inspected regularly for damaged equipment and unsafe surfaces.,Pedestrian,Athletics And Sports,High
The library closes before many students can complete their evening study sessions.,Library,Academic Support And Resources,Low
Pedestrian Area: There are not enough usable volleyballs available for students during practice.,Pedestrian,Athletics And Sports,Medium
Students are unable to access some online library resources from the library computers.,Library,Technical Issues,Low
The air conditioning in the library is not working properly and the room becomes uncomfortable.,Library,Infrastructure,Medium
"Library: Several books are not kept in their proper sections, making them difficult to find.",Library,Academic Support And Resources,Low
Library: The book return process is slow and students have to wait for a long time.,Library,Academic Support And Resources,Low
The badminton court floor becomes slippery and requires proper maintenance.,Pedestrian,Infrastructure,Medium
The floor in the indoor sports area becomes slippery and needs proper cleaning and maintenance.,Pedestrian,Infrastructure,Medium
There is heavy crowding near the main gate during college opening and closing hours.,Main Gate,Student Affairs,Medium
Library: The computer section needs additional working charging points for devices.,Library,Technical Issues,Low
Pedestrian Area: The support for the badminton net is loose and needs to be fixed.,Pedestrian,Athletics And Sports,Medium
Pedestrian Area: The volleyball net setup is difficult to adjust and needs maintenance.,Pedestrian,Athletics And Sports,Low
The volleyball court is sometimes occupied without following the allotted practice schedule.,Pedestrian,Athletics And Sports,Low
Library: The reference section becomes too crowded during examination time.,Library,Academic Support And Resources,Low
The markings on the indoor sports court have faded and should be repainted.,Pedestrian,Infrastructure,Medium
The badminton court is dusty and needs cleaning before practice sessions.,Pedestrian,Cleanliness,Low
The library floor and study tables need more regular cleaning.,Library,Cleanliness,Low
Students are concerned about belongings being left unattended in the library.,Library,Student Affairs,High
Road and pedestrian markings near the main gate have faded and should be repainted.,Main Gate,Infrastructure,Medium
"Some vehicles move too quickly near the main gate, creating a safety concern.",Main Gate,Safety,High
Several benches near the indoor sports area are damaged and need repair.,Pedestrian,Infrastructure,Medium
"The indoor sports area timetable is not clearly displayed, causing confusion among students.",Pedestrian,Athletics And Sports,Low
Security checking at the main gate creates long queues during peak hours.,Main Gate,Student Affairs,Medium
Some indoor sports equipment is damaged and should be repaired or replaced.,Pedestrian,Athletics And Sports,Low
The indoor sports area is not bright enough for comfortable practice.,Pedestrian,Infrastructure,Medium
The playing surface of the volleyball court has become uneven and should be resurfaced.,Pedestrian,Infrastructure,Medium
Some library chairs are broken and need to be repaired or replaced.,Library,Infrastructure,Medium
Rainwater collects near the main gate and makes the entrance difficult to use.,Main Gate,Infrastructure,Low
Sports equipment is being kept outside its storage area and the equipment section needs better organization.,Pedestrian,Athletics And Sports,Low
Library: Study chairs and tables need to be cleaned more frequently.,Library,Cleanliness,Low
Main Gate: Visitors are parking close to the entrance and causing obstruction.,Main Gate,Student Affairs,Low
Main Gate: Garbage is accumulating near the entrance and should be removed regularly.,Main Gate,Cleanliness,Low
Pedestrian Area: The badminton practice schedule is not displayed clearly for students.,Pedestrian,Athletics And Sports,Low
The badminton courts are often overcrowded and students have to wait for a long time.,Pedestrian,Athletics And Sports,Medium
The area near the library emergency exit should be kept clear of stored items.,Library,Safety,High
The badminton court markings are faded and need repainting.,Pedestrian,Athletics And Sports,Low
Signs for different library sections are not clear and students have difficulty locating books.,Library,Academic Support And Resources,Low
Several fans in the library are not working properly.,Library,Infrastructure,Medium
Main Gate: A pothole close to the main entrance is creating difficulty for two-wheelers and pedestrians.,Main Gate,Infrastructure,Medium
The library study area becomes overcrowded during examination periods.,Library,Academic Support And Resources,Low
The drain near the main gate appears blocked and needs cleaning.,Main Gate,Cleanliness,Low
Some electrical fittings in the library appear damaged and need inspection.,Library,Infrastructure,Medium
Pedestrian Area: The badminton net is damaged and has holes that affect the game.,Pedestrian,Athletics And Sports,Low
The badminton court has several maintenance issues and should be inspected.,Pedestrian,Infrastructure,Medium
The library ceiling has visible maintenance issues that should be inspected.,Library,Infrastructure,Low
Pedestrian Area: The badminton area has poor ventilation and becomes uncomfortable during practice.,Pedestrian,Infrastructure,Medium
Library: There are not enough study tables for students during examination preparation.,Library,Academic Support And Resources,Low
Main Gate: The street light near the main entrance is not providing sufficient illumination.,Main Gate,Infrastructure,Low
Entry and exit signs at the main gate are not clearly visible.,Main Gate,Infrastructure,Low
There are not enough benches for students waiting to use the badminton court.,Pedestrian,Infrastructure,Medium
There are not enough working charging points available in the library.,Library,Technical Issues,Medium
There are not enough seats near the volleyball court for students waiting for practice.,Pedestrian,Infrastructure,Medium
Main Gate: Separate queues for pedestrians and vehicles would help reduce congestion at the entrance.,Main Gate,Student Affairs,Medium
Pedestrian Area: Some badminton equipment listed for student use is currently unavailable.,Pedestrian,Athletics And Sports,Medium
Some lights in the library are not working and the study area is too dark.,Library,Infrastructure,Medium
Emergency vehicle access near the main gate should be kept clear at all times.,Main Gate,Safety,High
Pedestrian Area: Garbage is sometimes left near the volleyball playing area after practice.,Pedestrian,Cleanliness,Low
The volleyball practice schedule is not being followed consistently and students are confused about court availability.,Pedestrian,Athletics And Sports,Low
Students are experiencing delays at the main gate because the entry process is slow.,Main Gate,Student Affairs,Low
The main gate does not open and close smoothly and needs maintenance.,Main Gate,Infrastructure,Low
The lights inside the indoor sports area keep flickering and make it difficult to play.,Pedestrian,Infrastructure,Medium
The area beside the badminton courts is not cleaned regularly.,Pedestrian,Cleanliness,Low
Pedestrian Area: The volleyball net is torn and should be replaced.,Pedestrian,Athletics And Sports,Low
The fans in the indoor sports area are not working properly and the hall becomes uncomfortable.,Pedestrian,Infrastructure,Medium
The boundary lines of the volleyball court are faded and difficult to see.,Pedestrian,Athletics And Sports,Low
The lights near the main gate are not working properly at night.,Main Gate,Infrastructure,Medium
Several pieces of furniture in the library require general maintenance.,Library,Infrastructure,Low
Main Gate: The main entrance signboard is damaged and needs repair.,Main Gate,Infrastructure,Low
The photocopy facility near the library is frequently unavailable.,Library,Technical Issues,Medium
Some power sockets in the library are not working for students using laptops.,Library,Technical Issues,Medium
There is not enough space for students waiting near the main gate.,Main Gate,Infrastructure,Low
The fan inside the main gate security area is not working properly.,Main Gate,Infrastructure,Medium
The volleyball court surface has damaged patches and needs repair.,Pedestrian,Athletics And Sports,Low
The washroom near the library needs better cleaning and regular maintenance.,Library,Cleanliness,Low
Vehicle movement near the main gate becomes difficult during peak arrival times.,Main Gate,Student Affairs,Medium
Too many students are using the indoor sports area at the same time and practice becomes difficult.,Pedestrian,Athletics And Sports,Medium
Students have to wait too long during library registration and account-related work.,Library,Academic Support And Resources,Low
The area around the main gate is not cleaned regularly and garbage is visible.,Main Gate,Cleanliness,Low
"There are maintenance and facility issues at several places on campus. The library needs better maintenance and seating arrangements, the main gate area needs cleaning and repair, and the MPH (badminton and volleyball areas) and indoor sports facilities also need proper maintenance. Please inspect these areas and resolve the issues as soon as possible.",Library,Infrastructure,Low
"Hostel: Paneer dishes are a disappointment every single time. Watery gravy, small pieces, and no flavor. For the price they charge, paneer should at least be decent.",Hostel,Mess/Food,Low
"Library: Dustbins are placed only at entrances not inside labs or near study areas. Students have to walk too far, so they dump waste nearby instead.",Library,Cleanliness,Low
The classroom windows are broken.,Classroom,Infrastructure,Medium
The mess doesn't cater well to students with dietary restrictions. No proper vegetarian options beyond the standard menu. Some variety please.,Hostel,Mess/Food,Low
Pedestrian Area: Benches in the canteen outdoor area are broken. Students sitting on them risk getting hurt. Replace them please.,Pedestrian,Infrastructure,Medium
"Hostel: Sometimes the food in the canteen is not covered. Flies are flying around, and the staff does not seem to care. This is a health hazard.",Hostel,Mess/Food,Low
"The AC in classroom 202 has been out of order for 2 months. During summer, it is difficult to sit even for an hour without AC. Please get it repaired already.",Classroom,Technical Issues,Low
Library: The printer is out of order.,Library,Technical Issues,Low
"The Wi-Fi password keeps changing without notice. One day it suddenly disconnects during class while the teacher is explaining something, and we are left without internet.",Classroom,Technical Issues,Low
Pedestrian Area: no soap dispenser in washroom.,Pedestrian,Infrastructure,Low
Pedestrian Area: There is no transport facility in the college.,Pedestrian,Other,Low
Classroom: No dustbins inside lab rooms. Students have to walk to corridor to throw waste. Add dustbins inside labs please.,Classroom,Infrastructure,Low
"The mess management really needs to step up. Food quality has been consistently bad for over a month now. No nutrition, excess oil, same boring menu every day. For students who stay far and depend entirely on college food, this is a serious problem. We're paying full fees for this college the least they can do is provide edible food. The seating arrangement is also pathetic. During lunch break it feels like a fish market. Please take this seriously.",Hostel,Mess/Food,Medium
Classroom: There are so many assignments in college that there is no time at all for self-study. They do not provide any opportunity to develop skills.,Classroom,Academics,Low
"A faculty member calls on students who seem distracted and mocks them sarcastically. 'You are a celebrity, should we wait for you?' This is demeaning.",Classroom,Ragging,Medium
The teacher's behavior with students is very bad.,Classroom,Ragging,Medium
"After college events, the venue is never cleaned properly. Next day students find leftover food, plastic, and mess everywhere.",Hostel,Cleanliness,Medium
"The professor takes attendance and then leaves after 10 minutes. But if students do the same, they lose marks. The double standard is very frustrating.",Classroom,Ragging,Medium
Hostel: Notices are not received properly.,Hostel,Other,Low
"Pedestrian Area: The washrooms in this college are in a terrible condition. All the toilet stalls in girls washroom of D block have broken flush handles you have to manually pour water or just leave it. The floor is perpetually wet creating a slipping hazard. There are no soap dispensers. The cleaning is done only once in the morning, after which the condition deteriorates rapidly through the day. By afternoon it's genuinely unbearable. This is a health and hygiene issue that directly affects girl students every single day. Please set up a proper cleaning schedule and maintenance team.",Pedestrian,Cleanliness,Low
"The building infrastructure of this college is quite poor for the fees we pay. Broken benches, non-functional lights in corridors, leaking roofs during rain, broken washroom doors these are basic things that should be maintained regularly. In one of our classrooms, two of the three ceiling fans don't work. In Mumbai heat, sitting in a hot classroom with one fan for 60 students is unbearable. Please allocate budget for proper maintenance. Students deserve a functional learning environment.",Classroom,Infrastructure,High
Our professor regularly humiliates students in class when they give wrong answers. This is not a teaching method; it kills students' confidence and creates fear.,Classroom,Ragging,Medium
There is no AC in the library.,Library,Technical Issues,Low
Hostel: The washroom lock is broken.,Hostel,Infrastructure,Medium
"Hostel corridor cleaning happens only on weekends. Within 5 days, the corridor becomes so dirty that walking there becomes uncomfortable.",Hostel,Cleanliness,Low
Classroom: Declaration page for every submission of every subject.,Classroom,Academics,Low
Classroom: During MSE exams submission portal crashed and many students couldn't upload on time. Who takes responsibility for technical failure?,Classroom,Technical Issues,Low
Classroom: Computer lab booking system is manual we have to physically go and check availability. An online booking system would save so much time.,Classroom,Technical Issues,Low
"Classroom: ITI students sometimes get better practical training than us. We are doing engineering, but we never learn how to build anything. Everything is theoretical. Physics, maths, theory, theory, theory. When will we become industry-ready? When we go to companies for interviews, we realize how large the gap is. It is the college's responsibility to prepare us, and this college is completely failing in this matter.",Classroom,Academics,Low
faculty ne publicly insult kiya.,Classroom,Ragging,Medium
Hostel: Is this what we get for 60 rupees?,Hostel,Mess/Food,Low
"Seriously, these days studying in college has become torture. Monday test, Tuesday assignment submission, Wednesday practical, Thursday ISA—when can we breathe? And what the professor teaches is also outdated. Industry is asking for something else, while we are learning something different here. Then placement time comes, and we do not understand what to do. The college has provided no roadmap and no mentoring; only attendance is counted. This is so demoralizing.",Classroom,Academics,Low
Hostel: Is this what we get for 60 rupees?,Hostel,Mess/Food,Low
"Classroom floors are swept but not mopped. Sticky floors, stains, and marks everywhere. Proper floor cleaning with disinfectant is required.",Classroom,Cleanliness,Low
A professor repeatedly rejects a student's assignment without a proper reason and publicly embarrasses them. It seems like targeted harassment.,Classroom,Ragging,High
Classroom: No hand sanitizers or soap available in washrooms. During flu season this is a major hygiene risk for everyone in the college.,Classroom,Cleanliness,Low
There is a pattern of behavior from one particular professor that I want to report formally. He regularly singles out students who don't have 100% attendance and threatens them in front of the class. He uses sarcastic and demeaning language. Girls especially have complained of feeling uncomfortable in his classes. On multiple occasions he has made comments that were inappropriate and humiliating. This is not discipline this is harassment. Several students have already stopped attending his classes out of fear. Please investigate and act.,Classroom,Ragging,High
Classroom: The gap between what this college teaches and what industry actually needs is HUGE. I went for internship interviews and realized I didn't know half the things they were asking. My college just focuses on rote learning and attendance. Where is the practical exposure? Where is the mentorship? The placement record of this college is declining every year and no one is taking responsibility. Students who work hard are still unemployed because the college failed to prepare them. This is not acceptable.,Classroom,Academics,Low
Hostel: The canteen is very expensive.,Hostel,Mess/Food,Low
Classroom: Please remove the Monday test.,Classroom,Academics,Low
Classroom: The lab PC cannot be logged into.,Classroom,Technical Issues,Low
"A professor is biased toward a particular student group, gives marks to favorites, and treats the others unfairly. This is discrimination.",Classroom,Ragging,High
Main Gate: The college app crashes frequently and has a very outdated UI. Assignment submissions through the app often fail. Please update or replace it.,Main Gate,Other,Low
"Our professor doesn't allow students to leave class even during emergencies. When a student requested washroom break urgently, he refused. This is inhumane.",Classroom,Ragging,Medium
"Hostel: Vending machine near the canteen has been out of order for 3 weeks now. After 5pm when canteen closes, students have no food/snack option. Please fix it.",Hostel,Other,Low
"The main gate area gets very crowded during dismissal time. No crowd management, no designated exit paths. Accident prone situation.",Main Gate,Infrastructure,High
"Faculty members themselves do not know what to teach. One professor taught the wrong concept, and when it was pointed out, they showed a bad attitude. Unacceptable.",Classroom,Academics,Low
"Hostel: Canteen staff is rude when you ask for extra roti or point out something wrong with the food. We are customers, treat us with respect.",Hostel,Mess/Food,Low
Pedestrian Area: There is no proper parking.,Pedestrian,Infrastructure,Low
Classroom: The practical lab sessions have no real experiments. We just copy from manual and submit. Where is the actual learning happening?,Classroom,Academics,Low
Pedestrian Area: Using old school software and teaching methods. Also sometimes the syllabus feels outdated.,Pedestrian,Academics,Low
Library: The water from the dispenser does not taste well like normal water.,Library,Other,Low
"Main Gate: Alumni network is completely inactive. No mentorship program, no networking events, no job referral system through alumni.",Main Gate,Other,Low
Classroom: A student was asked by senior to share their assignment for 'reference' and was threatened that they'd be made uncomfortable otherwise. Clear coercion.,Classroom,Ragging,High
The seating capacity in the mess is way too small for the number of students. We end up eating standing or rushing back to class hungry.,Hostel,Mess/Food,Low
"Classroom: Multiple systems in lab M411 and M312 are non-functional. Some don't boot, some freeze during work, and some have login issues where it doesn't recognize student IDs. We have practicals to complete with deadlines and we can't work because the computers are broken. This has been reported multiple times but nothing has been fixed. How are we expected to learn if the tools aren't working? The labs need urgent maintenance.",Classroom,Technical Issues,Medium
"Library: Vending machine accepts only exact change no change given back, no card/UPI. This is 2026, please upgrade the machine.",Library,Other,Low
Classroom: Monday Tests are unnecessary and keeps our schedule hectic.,Classroom,Academics,Low
"Hostel: The floor drainage system in the D block washroom is faulty. Water remains on the floor and makes it slippery. A student has already slipped there. This is waiting for an accident to happen. The flush also does not work properly. There is no soap. Overall, the washroom condition is very unhygienic. Please send the maintenance team to the D block washrooms on priority. This is a safety and hygiene emergency.",Hostel,Infrastructure,High
Classroom: The lab benches remain dirty.,Classroom,Cleanliness,Low
Classroom: Why is 100% attendance compulsory?,Classroom,Academics,Low
"Classroom: I've been drinking from the water dispenser in A block for months and recently realized the taste has been off for a while slightly metallic and stale. I think the dispenser hasn't been cleaned or serviced in a long time. We don't have any other water source during college hours. If the water quality is bad, students could get sick. Please get the water tested from a lab and service all dispensers on campus at least once a month. This is a basic health necessity.",Classroom,Other,Low
Hostel: No nutritional value in the food being served. Engineering students need proper fuel to study. You can't run on watery dal and thin chapati.,Hostel,Mess/Food,Low
Hostel: High range for low quality of food.,Hostel,Mess/Food,Low
"Classroom: Attendance policy is draconian. Even if you're sick, you lose marks. College should understand students are human beings, not machines.",Classroom,Academics,Low
Classroom: The water does not taste good.,Classroom,Other,Low
"Library: The condition of girls' washrooms across all blocks is extremely poor. Door locks are broken in most stalls. We either have to wait for the one working stall or ask someone to hold the door from outside which is embarrassing and time-consuming. During break time, there's a huge queue for just one functional washroom. Additionally, there's no proper liquid soap dispenser just a random sprite bottle with a hole. This is a basic hygiene necessity. Please get the locks repaired and install proper dispensers urgently.",Library,Infrastructure,Medium
Classroom: Many system is not working in Lab M312.,Classroom,Technical Issues,Medium
Classroom: Internet connection in D block labs is non-existent. We have to use our own mobile data for practicals. College should provide proper connectivity.,Classroom,Technical Issues,Low
"Classroom: Come to college for 5 days, take a test on Monday, complete assignments, and do practicals. When are we supposed to develop skills? The college is only concerned with marks.",Classroom,Academics,Low
"The campus cleanliness situation is difficult to describe. The area outside the canteen has become a garbage dump. There is garbage in the corners of the stairs, dustbins are overflowing, and the road outside is also littered. Students are certainly responsible too, but the cleaning staff is not visible on campus during the day. There should be one responsible person who ensures that the campus stays clean throughout the day. Organize a campus cleanliness drive on Sunday and involve students too. Something needs to be done.",Pedestrian,Cleanliness,Low
Pedestrian Area: No bicycle parking area in college. Students who cycle to college have to leave them anywhere. Proper cycle stand should be provided.,Pedestrian,Other,Low
Classroom: Sir gives extra marks to students who are on his good side regardless of answer quality. This partiality demotivates genuinely hardworking students.,Classroom,Ragging,Medium
"Hostel: College canteen menu has no options for students with dietary restrictions no gluten-free, no jain food options mentioned anywhere.",Hostel,Other,Low
"Classroom: The ISA marks are directly affecting our SGPA. If something goes wrong in one test, the whole semester is affected. This system needs to change.",Classroom,Academics,Low
"There has been no AC in the library for months. Studying in the heat has become impossible. There are books and seats, but no AC—what is the point?",Library,Technical Issues,Low
Hostel: The paneer is watery.,Hostel,Mess/Food,Low
Library: The internet is very slow.,Library,Technical Issues,Low
Hostel: There is no support for students who live far away.,Hostel,Other,Low
Classroom: Half of the computers in Lab M312 do not work. Either they do not boot or the login fails. How are we supposed to complete practicals?,Classroom,Technical Issues,Low
"Professors come to class, explain one thing, and leave. Do they check whether students understood? No. Was the assignment given and checked? No. Then if the exam result is poor, it is the students' fault. There is no accountability for teachers in this college. And attendance? They have zero accountability, but we are required to maintain 75%. This is completely unfair.",Classroom,Academics,Low
"College WhatsApp groups are full of spam promotional messages, surveys, irrelevant forwards. It's so hard to find important messages in all this noise.",Hostel,Other,Low
Classroom: Not having good placements or opportunities.,Classroom,Academics,Low
Classroom: The iMac lab remains locked for students.,Classroom,Technical Issues,Low
"Classroom: TONS OF ASSIGNMENTS AND UNNCESSARY STUFF IN SYLLABUS, no access in the iMac lab so what's the point of those pricey hardware which goes unused, and we can't use the labs on our off-lab time/spare time to do and work on something, bad wifi which just gives up sometimes, it mainly has issues with the login thingy, and no AC in the reading room is a big pain, the mens bathroom toilet gets clogged in D block mainly.",Classroom,Academics,Low
Hostel: The prices are very odd and might be too high for students the canteen doesn't have enough place to sit and eat.,Hostel,Mess/Food,Low
verbal abuse by faculty.,Classroom,Ragging,High
Water leakage in A block classrooms has been an issue since monsoon. Nothing has been repaired. The seepage is causing wall damage now too.,Classroom,Infrastructure,Medium
Classroom: 100 percent attendance.,Classroom,Academics,Low
"The language problem is serious in college. For students from outside Maharashtra, Marathi-medium faculty are a major barrier. Some professors teach the entire class in Marathi and speak only one line in English at the end. Non-Marathi students remain completely lost throughout the lecture. The teaching medium should be English or Hindi as per university guidelines. Please enforce this properly.",Classroom,Other,Low
The teacher used abusive language in class.,Classroom,Ragging,Medium
"Library: Alumni network is completely inactive. No mentorship program, no networking events, no job referral system through alumni.",Library,Other,Low
"Classroom: Network speed during peak hours (10am-12pm) drops to almost nothing. Too many users, not enough bandwidth. Upgrade the network capacity.",Classroom,Technical Issues,Low
Hostel: The canteen is very expensive.,Hostel,Mess/Food,Low
Hostel: food quality very poor.,Hostel,Mess/Food,Low
Classroom: outside college area littered.,Classroom,Cleanliness,Low
Hostel: The canteen does not accept UPI.,Hostel,Mess/Food,Low
Main Gate: There is no formal grievance cell that students can approach with issues. No transparency about what happens to complaints once raised.,Main Gate,Other,Low
There is no ac in vit library due to which it feels irritated while studying.,Library,Technical Issues,Low
Main Gate: Outside the college campus the road is very uneven and not safe. Students walking from the gate to bus stop are at risk especially after dark.,Main Gate,Infrastructure,Low
Lectures and practicals are ineffective.,Classroom,Academics,Low
"Classroom: The robotics minor course is a complete joke. They said we'll learn robotics but we haven't touched a single hardware component. Just MATLAB on a laptop. No Arduino, no sensors, no robots. Meanwhile they still want 75% attendance. Why should I attend classes that teach me nothing practical? IIT students do actual robotics. Here we are just watching videos and submitting reports. If you can't provide proper resources, don't offer the course. It's misleading.",Classroom,Academics,Low
There is sometimes a suspicion of adulteration in the food. The quality is so poor that the taste genuinely seems suspicious. Conduct health checks on the mess food.,Hostel,Mess/Food,Medium
Hostel: Poor food quality resulting to frequent stomach related health concerns.,Hostel,Mess/Food,Low
Classroom: The lab PC cannot be logged into.,Classroom,Technical Issues,Low
Classroom: outside college area littered.,Classroom,Cleanliness,Low
"The Food In Mess Is Blunt, Tasteless It Can Definitely be Improved Also Sitting Capacity Really Needs To Be Increased As Students Needs To Wait So Long That Eventually The Appear Late In There Lectures Which Are After The Lunch. Also Waiting Causes So Much Inconvenience To The students.",Hostel,Mess/Food,Medium
Classroom: The ISA weighting in SGPA is so high that one sick student's entire semester can be ruined. There is no flexibility for genuine cases.,Classroom,Academics,Low
The professor threatens to deduct attendance.,Classroom,Ragging,High
"Library: The WiFi situation in this college is honestly embarrassing. It barely works inside the building, and when it does, the speed is so slow that a simple Google search takes forever. The login system is a nightmare half the time the login page doesn't even load, and when it does, you get disconnected every few minutes. How are students supposed to do research, complete online assignments, or access learning resources? In 2026, a college that can't provide decent internet is a serious problem. Please invest in proper networking infrastructure.",Library,Technical Issues,Low
The professor humiliated a student in class.,Classroom,Ragging,Medium
Library: The college notice boards are broken and papers fall off constantly. Small thing but makes the whole environment look neglected.,Library,Infrastructure,Medium
"Hostel: The canteen's seating capacity MUST be increased. More than 200 students come for lunch at the same time, but there is seating for only 50 people. It is a simple capacity problem.",Hostel,Mess/Food,Low
Hostel: Dustbins on campus are overflowing since morning. No one empties them. By afternoon the garbage is spilling onto the floor. Please increase cleaning frequency.,Hostel,Cleanliness,Low
Pedestrian Area: There is no transport facility in the college.,Pedestrian,Other,Low
Pedestrian Area: parking nahi hai proper.,Pedestrian,Infrastructure,Low
"Classroom: ISA marks affect the SGPA, and this is unfair.",Classroom,Academics,Low
There is a language barrier in lectures.,Classroom,Other,Low
Hostel: Corridor near the labs smells musty probably from water leakage and no ventilation. Proper exhaust fans or cleaning needed.,Hostel,Cleanliness,Low
"Classroom: I've been drinking from the water dispenser in A block for months and recently realized the taste has been off for a while slightly metallic and stale. I think the dispenser hasn't been cleaned or serviced in a long time. We don't have any other water source during college hours. If the water quality is bad, students could get sick. Please get the water tested from a lab and service all dispensers on campus at least once a month. This is a basic health necessity.",Classroom,Other,Low
"Classroom: Rugved Deolekar Sir unnecessarily bullying on a nominal issue of Id card . Its ok u are advising us to wear ids but instead of advising he bullies students talking disrespectfully to students and specially girls . This can lead to further disturbance and verbal argument outside the college also, if he maintains his rude tone and bullying.",Classroom,Ragging,Medium
Classroom: The pressure of maintaining 75% attendance while also doing internships and projects is impossible to balance. College needs to modernize its policies.,Classroom,Academics,Low
College events are held on weekdays during college hours this disturbs regular lectures and students suffer. Schedule events on weekends or free periods.,Classroom,Other,Low
Classroom: Not focusing on students improvement but torturing students for attendance.,Classroom,Academics,Low
Classroom: The lab benches remain dirty.,Classroom,Cleanliness,Low
"Classroom: MONDAY TESTS HINDER OUR SELF STUDY, THUS WE DON'T HAVE REAL WORLD SKILLS, THAT'S WHY YOUR PLACEMENT RECORD SUCKS!! THIS ISN'T SCHOOL. Also, which engineering college aks students to come for the last few semesters? It's like you are doing everything so the students don't get placed. Shame on you.",Classroom,Academics,Low
Hostel: The queue is very long.,Hostel,Mess/Food,Low
"After rains, puddles form in campus walkways and become breeding grounds for mosquitoes. Proper drainage maintenance is needed.",Pedestrian,Cleanliness,Low
"Classroom: The College Wi-Fi login system is very buggy. Half the time the login page does not appear. If it does appear, it disconnects within 5 minutes.",Classroom,Technical Issues,Low
"Classroom: Because of the Monday test, we cannot make any plans on Sunday. Family time, rest, and self-study all suffer. This weekly test culture should be stopped.",Classroom,Academics,Low
Classroom: Monday tests again.,Classroom,Academics,Low
Library: Area is not safe or clean outside.,Library,Infrastructure,Low
"Hostel: The canteen situation is very bad. During lunch time, it feels like a train station because there is so much crowd. Stand in the queue for 20–25 minutes, then when the food is available, there is no seating. In the end, we have to eat standing and run to the next lecture. The M-block canteen also does not accept UPI, so we have to carry cash. Who carries cash in 2026? Please fix both problems—seating and the payment system.",Hostel,Mess/Food,Low
"Pedestrian Area: College events run way over time without warning. If event says 6pm end, it runs till 9pm. Students miss buses and trains because of this.",Pedestrian,Other,Low
The projector in our classroom has been broken for 2 weeks. Professor is teaching on whiteboard only which is very difficult to see from back benches.,Classroom,Technical Issues,Medium
Hostel: paneer watery hai.,Hostel,Mess/Food,Low
"I am currently in 3rd year doing computer engineering. Despite being a top performer in academics, I am failing to get an internship. I feel there is a gap between what we study in college and what industries require. I feel the college should teach us or help us become skilled in one domain, or provide a roadmap with constant mentoring. I feel this will help us gain industrial knowledge.",Pedestrian,Academics,Low
Library: The software license has expired.,Library,Technical Issues,Low
Hostel: The toilet flush does not work.,Hostel,Cleanliness,Low
Classroom: Students are not given access to the iMac lab. Such expensive hardware has dust on it. What is the point of buying it if students cannot use it?,Classroom,Technical Issues,Low
Classroom: Does not train students for internships or placements.,Classroom,Academics,Low
"Hostel: During peak hours, the canteen staff rushes through serving food. Half the time, the portion is less than usual. Consistency is needed.",Hostel,Mess/Food,Low
Main Gate: There are no dustbins in the labs.,Main Gate,Infrastructure,Low
"Hostel: niggas need to flush the toilet, taking big load of shit and just left like that , hell naww this nigggas be shitting multiple colours thats disgusting dawg , my niggas this college mannnn and it needs to clean Ã°ÂÂªÂ¥Ã°ÂÂ«Â§, i am telling when i see this whoever bitches shit like that , i ain't gonna lie but reminds me of '50 shades of grey ' but its the fucking 50 shades of shit.",Hostel,Cleanliness,Low
Food in the mess should be affordable for OHU students. 60–70 rupees per meal is too much for what they serve. The quality and price do not match.,Hostel,Mess/Food,Medium
"Pedestrian Area: The parking area is completely unorganized. No designated spots, vehicles parked randomly it creates traffic jams every morning and evening.",Pedestrian,Infrastructure,Low
"Library: Lights in the corridor of C block have not been working since last month. In the evenings, the corridor becomes dark, which is a safety concern.",Library,Infrastructure,Low
Main Gate: The smell from the washroom near the stationery area is coming into the corridor. It's very unpleasant and students avoid that area. Deep cleaning is needed.,Main Gate,Cleanliness,Low
Classroom: The Wi-Fi is not working.,Classroom,Technical Issues,Low
Classroom: Sir gives extra marks to students who are on his good side regardless of answer quality. This partiality demotivates genuinely hardworking students.,Classroom,Ragging,Medium
Broken benches and chairs in classroom 304. Some students have to sit on half-broken chairs for 6 hours. Basic comfort should be provided.,Classroom,Infrastructure,Medium
Library: The dustbins have become full.,Library,Cleanliness,Low
Classroom: seniors scare first year students.,Classroom,Ragging,Medium
"Hostel: There is no AC in the girls' common room. Facilities are available for boys, but girls do not have basic comfort. This is unfair treatment.",Hostel,Infrastructure,Low
Pedestrian Area: no mental health support in college.,Pedestrian,Other,Low
"A faculty member's behavior with students is very bad. They ask questions in class and, if a wrong answer is given, loudly mock the student in front of the whole class. Once, a student asked about a concept and the faculty member said, 'You do not even know this? What are you doing here?' This is deeply demoralizing. Students' confidence has been completely shattered. Attending class with such a professor feels like mental torture. Please talk to this faculty member and make them understand professional conduct.",Classroom,Ragging,Medium
Library: Light bulbs in some classrooms are of very low wattage it's dim and strains the eyes during reading. Upgrade to proper bright lighting.,Library,Infrastructure,Low
Main Gate: College notices are never communicated properly. Important deadlines come and go without most students knowing. Use email or a proper notice board system.,Main Gate,Other,Low
Classroom: Computers in the lab keep freezing.,Classroom,Technical Issues,Low
Pedestrian Area: There is no support for students who live far away.,Pedestrian,Other,Low
Classroom: senior ne intimidate kiya.,Classroom,Ragging,Medium
Library: printer out of order hai.,Library,Technical Issues,Low
"During rains, water leaks into D block library area. Books and bags get wet. The building maintenance is clearly not done properly.",Library,Infrastructure,Medium
"The professor does not come, yet attendance is required.",Classroom,Academics,Low
"College WhatsApp groups are full of spam promotional messages, surveys, irrelevant forwards. It's so hard to find important messages in all this noise.",Hostel,Other,Low
"Classroom: There is a test on Monday, so self-study is not possible on Sunday. We do not even get one day of rest. Please stop this and let students breathe.",Classroom,Academics,Low
Mess food.,Hostel,Mess/Food,Medium
Classroom: Monday test.,Classroom,Academics,Low
"The teacher used threatening language in the name of attendance. He said he would fail us if we did not comply. This is mental harassment, not discipline.",Classroom,Ragging,High
Pedestrian Area: canopy leaks during rains.,Pedestrian,Infrastructure,Medium
"The teacher told the students sitting on the front bench, 'Go to the back bench; you will not do anything anyway.' This is demoralizing and unprofessional.",Classroom,Ragging,Medium
Library: There is no liquid soap or hand wash in any of the washrooms. Just a random bottle with a hole in the cap. Please provide a basic hygiene facility.,Library,Infrastructure,Low
Pedestrian Area: There is no college bus facility.,Pedestrian,Other,Low
"I want to formally complain about the quality of food being served in the college mess. The food is regularly tasteless, poorly cooked, and sometimes even smells off. The gravy dishes are extremely watery. The chapatis are so thin they fall apart. The price has increased but quality has only gone down. Many students including myself have faced stomach issues after eating from the mess. This is a serious health concern and needs immediate attention from the college administration.",Hostel,Mess/Food,Medium
Pedestrian Area: Unclean water purifiers and toilets.,Pedestrian,Cleanliness,Low
Classroom: Mid semester examination.,Classroom,Academics,Low
Classroom: Isa comprising of attendance.,Classroom,Academics,Low
"Classroom: ISA marks affect the SGPA, and this is unfair.",Classroom,Academics,Low
Hostel: There is too much oil in the food.,Hostel,Mess/Food,Low
"Food quality in the mess is honestly below average. The paneer gravy is watery, the vegetables have no taste, and the same menu is served every day. Please bring more variety.",Hostel,Mess/Food,Medium
"Classroom: Lost and found system doesn't exist in this college. If something is lost, no official way to report or recover it.",Classroom,Other,Low
Library: Libraries AC is not working.,Library,Technical Issues,Low
Unavailability of AC in library.,Library,Technical Issues,Low
"Professor takes attendance and then leaves after 10 minutes. But if students do the same, they lose marks. Double standard bahut frustrating hai.",Classroom,Ragging,Medium
Hostel: Food is not affordable for OHU students.,Hostel,Mess/Food,Low
"A faculty member shouts at students who ask doubts. Because of this, students are afraid to ask questions in class. Terrible teaching environment.",Classroom,Ragging,Medium
Library: There is water leakage in the building.,Library,Infrastructure,Medium
Library: During MSE exams submission portal crashed and many students couldn't upload on time. Who takes responsibility for technical failure?,Library,Technical Issues,Low
"Hostel: In college, the responsibility for cleaning is placed only on the cleaning staff, but there is no quality check by the administration. Create an accountability system.",Hostel,Cleanliness,Low
Hostel: The canteen closes early sometimes without any notice. Students who have labs until late have no food option. Extend the timing.,Hostel,Mess/Food,Low
"Hostel corridor cleaning happens only on weekends. Within 5 days, the corridor becomes so dirty that walking there becomes uncomfortable.",Hostel,Cleanliness,Low
"Library: In college, the responsibility for cleaning is placed only on the cleaning staff, but there is no quality check by the administration. Create an accountability system.",Library,Cleanliness,Low
Classroom: There is a lot of pressure regarding CGPA.,Classroom,Academics,Low
"Classroom floors are swept but not mopped. Sticky floors, stains, and marks everywhere. Proper floor cleaning with disinfectant is required.",Classroom,Cleanliness,Low
The geyser in the C wing of the hostel block does not work. Taking a bath with cold water in winter is not okay. Please fix it.,Hostel,Infrastructure,Medium
"A professor humiliated a student in the exam after accusing them of cheating. Strict action is understandable, but public humiliation is not.",Classroom,Ragging,Medium
Classroom: Monday tests again.,Classroom,Academics,Low
Classroom: Monday test.,Classroom,Academics,Low
Library: Some people constantly spams publicity a survey msg which distracts other people from reading important messages Ã°ÂÂ¤Â§Ã°ÂÂ¤Â§.,Library,Other,Low
Classroom smart boards are rarely functional. Teachers end up using chalk boards which defeats the purpose of having smart technology.,Classroom,Technical Issues,Low
WiFi signal doesn't reach hostel blocks properly. Students who stay in hostel have no reliable internet for evening studies.,Hostel,Technical Issues,Medium
"Library: Students from North India, South India and other regions face social isolation because of language and cultural barriers. No integration programs.",Library,Other,Low
Classroom: There may be a virus on the PC; it is too slow.,Classroom,Technical Issues,Low
"Hostel: Vending machine near the canteen has been out of order for 3 weeks now. After 5pm when canteen closes, students have no food/snack option. Please fix it.",Hostel,Other,Low
The mess doesn't cater well to students with dietary restrictions. No proper vegetarian options beyond the standard menu. Some variety please.,Hostel,Mess/Food,Low
Hostel: The cleaning staff doesn't clean under benches in the canteen. Food particles accumulate there attracting cockroaches and ants.,Hostel,Cleanliness,Low
Lectures timings are too hectic 9 to 5 45.,Classroom,Academics,Low
The teacher uses sarcasm unnecessarily in class.,Classroom,Ragging,Medium
Classroom: Students are not given access to the iMac lab. Such expensive hardware has dust on it. What is the point of buying it if students cannot use it?,Classroom,Technical Issues,Low
Hostel: As an OHU student There is a shortage of papad. Low-quality food. Bad taste. It looks like there is a lot of adulteration. The chapati is too thin. The Misal pav bread is not good quality. The Chawli vegetable served with the gravy on Monday was smelly.,Hostel,Mess/Food,Low
Classroom: Rugved Deolekar sir behaved very badly just because a student did not have an ID card. He loudly scolded the student in front of everyone and used rude language. That is not how you should speak to students.,Classroom,Ragging,Medium
"The language problem is serious in college. For students from outside Maharashtra, Marathi-medium faculty are a major barrier. Some professors teach the entire class in Marathi and speak only one line in English at the end. Non-Marathi students remain completely lost throughout the lecture. The teaching medium should be English or Hindi as per university guidelines. Please enforce this properly.",Classroom,Other,Low
"Professors come to class, explain one thing, and leave. Do they check whether students understood? No. Was the assignment given and checked? No. Then if the exam result is poor, it is the students' fault. There is no accountability for teachers in this college. And attendance? They have zero accountability, but we are required to maintain 75%. This is completely unfair.",Classroom,Academics,Low
Hostel: The college notice boards are broken and papers fall off constantly. Small thing but makes the whole environment look neglected.,Hostel,Infrastructure,Medium
Classroom: The projector is not working in the lab.,Classroom,Technical Issues,Medium
The teacher made a personal comment.,Classroom,Ragging,Medium
Hostel: What we get for 60 rupees does not even seem worth 30 rupees. Reduce the price or improve the quality. Both cannot continue like this.,Hostel,Mess/Food,Low
"Hostel: Sometimes the food in the canteen is not covered. Flies are flying around, and the staff does not seem to care. This is a health hazard.",Hostel,Mess/Food,Low
"Hostel: Vending machine accepts only exact change no change given back, no card/UPI. This is 2026, please upgrade the machine.",Hostel,Other,Low
"Pedestrian Area: The condition of girls' washrooms across all blocks is extremely poor. Door locks are broken in most stalls. We either have to wait for the one working stall or ask someone to hold the door from outside which is embarrassing and time-consuming. During break time, there's a huge queue for just one functional washroom. Additionally, there's no proper liquid soap dispenser just a random sprite bottle with a hole. This is a basic hygiene necessity. Please get the locks repaired and install proper dispensers urgently.",Pedestrian,Infrastructure,Medium
broken benches in classroom.,Classroom,Infrastructure,Medium
Pedestrian Area: The syllabus is outdated.,Pedestrian,Academics,Low
Classroom: A student was asked by senior to share their assignment for 'reference' and was threatened that they'd be made uncomfortable otherwise. Clear coercion.,Classroom,Ragging,High
Library: The college network blocks many websites including some coding platforms which we need for assignments. Please whitelist educational sites.,Library,Technical Issues,Low
Classroom: net bahut slow hai.,Classroom,Technical Issues,Low
"During rains, water leaks into D block library area. Books and bags get wet. The building maintenance is clearly not done properly.",Library,Infrastructure,Medium
Hostel: There is too much oil in the food.,Hostel,Mess/Food,Low
College events are held on weekdays during college hours this disturbs regular lectures and students suffer. Schedule events on weekends or free periods.,Classroom,Other,Low
A faculty member consistently ignores questions from certain students while responding to others. Clear bias and discrimination visible in classroom.,Classroom,Ragging,High
"I've been attending college for 3 years now and honestly the experience has been disappointing. The syllabus is outdated, professors lack real-world knowledge, placements are terrible, and the constant pressure of attendance and monday tests leaves no time for self-improvement. I tried to learn coding on the side, but after college hours I'm too exhausted from pointless tasks. The college needs a complete overhaul of its academic system. We are paying lakhs of rupees for this education and deserve better.",Classroom,Academics,Low
"Classroom: Monday tests are making students lack behind in their day to day task , and not helping them to progress further.",Classroom,Academics,Low
"Library: No proper first aid room or medical facility on campus. If a student falls ill or gets injured, there's no immediate help available.",Library,Other,Low
As an OHU student I totally depend on the college mess for my meals. The quality of food here is genuinely terrible. Chapati is so thin it tears when you try to pick it up. Dal has no taste it's literally just hot water with a hint of yellow color. The paneer gravy is oily and watery at the same time somehow. And they charge 60 rupees for this! My mom makes better food at home in 10 rupees. Please either improve the food quality or reduce the price. Students cannot study properly if they're not eating well.,Hostel,Mess/Food,Medium
Classroom: lab systems too old to run modern software.,Classroom,Technical Issues,Low
"Library: College does not provide any platform to develop skills. No hackathons, no workshops, no industry visits. Only books and tests.",Library,Academics,Low
Classroom: Senior students spread rumors about juniors who report issues. This creates fear and prevents genuine complaints from being raised. Strict confidentiality needed.,Classroom,Ragging,Medium
Classroom: They stop students from graduating because of attendance. Ridiculous.,Classroom,Academics,Low
"Classroom: Being honest here the monday MSC tests are absolutely pointless. We are engineering students, not school kids. Every monday we have to mug up something, write a test, and the marks go into our ISA which affects SGPA. This creates unnecessary anxiety and leaves no weekend for actual learning. Companies hire for skills, not for monday test marks. Please scrap this system or at least make it optional. Our mental health matters too.",Classroom,Academics,Low
Classroom: The college portal is down.,Classroom,Technical Issues,Low
Pedestrian Area: In labs there are many issues of socket students use pen to put their chargers.,Pedestrian,Infrastructure,Low
Some professors teach entirely in Marathi. Students from other states or non-Marathi backgrounds cannot follow anything. They should teach in English or Hindi.,Classroom,Other,Low
Classroom: A group of seniors block certain spots in the canteen and juniors are afraid to sit there. This kind of territorial behavior is a form of ragging.,Classroom,Ragging,High
Main Gate: There is a smell in the corridor.,Main Gate,Cleanliness,Low
WiFi signal doesn't reach hostel blocks properly. Students who stay in hostel have no reliable internet for evening studies.,Hostel,Technical Issues,Medium
Classroom: Why is 100% attendance compulsory?,Classroom,Academics,Low
"Classroom: Lost and found system doesn't exist in this college. If something is lost, no official way to report or recover it.",Classroom,Other,Low
The geyser in the C wing of the hostel block does not work. Taking a bath with cold water in winter is not okay. Please fix it.,Hostel,Infrastructure,Medium
The AC in the classroom is not working.,Classroom,Technical Issues,Medium
Hostel: Water leakage in washroom has created mold on walls. Black patches visible. This is a health hazard mold causes respiratory problems.,Hostel,Cleanliness,Low
Hostel: The canteen closes early sometimes without any notice. Students who have labs until late have no food option. Extend the timing.,Hostel,Mess/Food,Low
Classroom: The smell from the washroom near the stationery area is coming into the corridor. It's very unpleasant and students avoid that area. Deep cleaning is needed.,Classroom,Cleanliness,Low
Library: College events waste money.,Library,Other,Low
"Main Gate: The washrooms in this college are in a terrible condition. All the toilet stalls in girls washroom of D block have broken flush handles you have to manually pour water or just leave it. The floor is perpetually wet creating a slipping hazard. There are no soap dispensers. The cleaning is done only once in the morning, after which the condition deteriorates rapidly through the day. By afternoon it's genuinely unbearable. This is a health and hygiene issue that directly affects girl students every single day. Please set up a proper cleaning schedule and maintenance team.",Main Gate,Cleanliness,Low
"Library: Printer in the department is always jammed or out of paper. Every time we go to print something important, it's never working.",Library,Technical Issues,Low
Pedestrian Area: There is no soap in the washroom.,Pedestrian,Cleanliness,Low
Library: Lack of internet in college pc.,Library,Technical Issues,Low
Classroom: The projector is not working in the lab.,Classroom,Technical Issues,Medium
"Hostel: Canteen staff is rude when you ask for extra roti or point out something wrong with the food. We are customers, treat us with respect.",Hostel,Mess/Food,Low
"Hostel: No proper induction program for first year students. They are lost for the first month with no guidance on processes, facilities, or expectations.",Hostel,Other,Low
The teacher used abusive language in class.,Classroom,Ragging,Medium
A professor repeatedly rejects a student's assignment without a proper reason and publicly embarrasses them. It seems like targeted harassment.,Classroom,Ragging,High
Library: No wheelchair accessibility ramps in older buildings. Students with mobility issues cannot access certain floors. This is a serious inclusion failure.,Library,Infrastructure,Medium
The college library doesn't have enough reference books for new elective subjects. We have to rely on internet which isn't always reliable.,Library,Other,Low
The geyser in the C wing of the hostel block does not work. Taking a bath with cold water in winter is not okay. Please fix it.,Hostel,Infrastructure,Medium
"Pedestrian Area: The parking area is completely unorganized. No designated spots, vehicles parked randomly it creates traffic jams every morning and evening.",Pedestrian,Infrastructure,Low
"Classroom: College social media pages post irrelevant content. Important announcements should be made on official channels, not buried under event photos.",Classroom,Other,Low
"I want to formally complain about the quality of food being served in the college mess. The food is regularly tasteless, poorly cooked, and sometimes even smells off. The gravy dishes are extremely watery. The chapatis are so thin they fall apart. The price has increased but quality has only gone down. Many students including myself have faced stomach issues after eating from the mess. This is a serious health concern and needs immediate attention from the college administration.",Hostel,Mess/Food,Medium
faculty discriminates students.,Classroom,Ragging,Medium
classroom windows broken hain.,Classroom,Infrastructure,Medium
"Pedestrian Area: Vending machine accepts only exact change no change given back, no card/UPI. This is 2026, please upgrade the machine.",Pedestrian,Other,Low
There is sometimes a suspicion of adulteration in the food. The quality is so poor that the taste genuinely seems suspicious. Conduct health checks on the mess food.,Hostel,Mess/Food,Medium
Hostel: The food remains stale.,Hostel,Mess/Food,Low
Main Gate: socket problem in labs.,Main Gate,Infrastructure,Low
Library: Poor internet.,Library,Technical Issues,Low
Hostel: M-block canteen doesn't accept UPI which is super inconvenient. We are college students most of us don't carry cash. Please update your payment system bhai.,Hostel,Mess/Food,Low
"Classroom: College social media pages post irrelevant content. Important announcements should be made on official channels, not buried under event photos.",Classroom,Other,Low
Classroom smart boards are rarely functional. Teachers end up using chalk boards which defeats the purpose of having smart technology.,Classroom,Technical Issues,Low
"Main Gate: Lost and found system doesn't exist in this college. If something is lost, no official way to report or recover it.",Main Gate,Other,Low
Hostel: Improper management of queue in canteen.,Hostel,Mess/Food,Low
"Hostel: The quality of the food and food service is not so good as compared to the price. Many students are ohu and some live in pg, also in college the food should be affordable and also the quality should be good.",Hostel,Mess/Food,Low
Classroom: There are stains on the washroom tiles.,Classroom,Cleanliness,Low
Library: The Wi-Fi login system is faulty.,Library,Technical Issues,Low
Classroom: no placements from this college.,Classroom,Academics,Low
Classroom: A student was asked by senior to share their assignment for 'reference' and was threatened that they'd be made uncomfortable otherwise. Clear coercion.,Classroom,Ragging,High
Main Gate: Outside the college campus the road is very uneven and not safe. Students walking from the gate to bus stop are at risk especially after dark.,Main Gate,Infrastructure,Low
"Studying in the library has become torture. There are books, a quiet environment, and seats, but no AC. In Mumbai's heat, it is impossible to sit for more than an hour without AC. I have personally seen students studying while soaked in sweat. It has been months and nothing has been done. This is a basic facility. Please fix the AC in the library on priority.",Library,Technical Issues,Low
Library: Light bulbs in some classrooms are of very low wattage it's dim and strains the eyes during reading. Upgrade to proper bright lighting.,Library,Infrastructure,Low
"Honestly, I became unwell after eating the mess food once. I had an upset stomach for 2 days. The college needs to ensure that food hygiene standards are met.",Hostel,Mess/Food,Medium
Hostel: The area outside is not safe.,Hostel,Infrastructure,Low
"Torturing students for attendance and assignments and mid semester examination having no use in future because attending lectures where professors themselves doesn't know what to teach makes no sense, doing assignments without knowing what teacher has taught, giving mid semester examination without knowing what's the syllabus!!!",Classroom,Academics,Low
Classroom: Water purifier near the canteen has greenish deposits inside algae growth. We are drinking that water. Please clean and service it immediately.,Classroom,Cleanliness,Low
Hostel: The Misal pav bread remains stale. The Chawli vegetable has a bad smell. And papad is almost never available. Is this food worth 60 rupees? Absolutely not.,Hostel,Mess/Food,Low
"Classroom: Printer in the department is always jammed or out of paper. Every time we go to print something important, it's never working.",Classroom,Technical Issues,Low
Library: 202 AC is not working.,Library,Technical Issues,Low
Pedestrian Area: The door lock of the girls' bathroom is broken.,Pedestrian,Infrastructure,Medium
Library: Internet connection in D block labs is non-existent. We have to use our own mobile data for practicals. College should provide proper connectivity.,Library,Technical Issues,Low
Library: Student ID cards take 2+ months to be issued to new students. Many facilities require ID proof students are stuck without it.,Library,Other,Low
"Hostel: Bring more variety to the menu. Every day it is the same dal, vegetables, and chapati. Students also want to eat something new. Rotate the variety every week.",Hostel,Mess/Food,Low
"Classroom: Lab hygiene has been ignored for too long. Our computer lab tables have layers of dust. Keyboards are sticky. Mouse pads have unknown stains. We spend hours here daily and are breathing dusty air. Allergies and respiratory issues are common complaints among students in these labs. A proper cleaning schedule for labs including wiping down systems, mopping floors, and dusting should be implemented at least twice a week. This is a basic requirement.",Classroom,Cleanliness,Low
"The language problem is serious in college. For students from outside Maharashtra, Marathi-medium faculty are a major barrier. Some professors teach the entire class in Marathi and speak only one line in English at the end. Non-Marathi students remain completely lost throughout the lecture. The teaching medium should be English or Hindi as per university guidelines. Please enforce this properly.",Classroom,Other,Low
"Classroom: The college expects innovation in projects but doesn't give us time, tools, or mentorship to actually innovate. Contradiction at its finest.",Classroom,Academics,Low
Hostel: There is no seating available during lunch.,Hostel,Mess/Food,Low
"Main Gate: There is absolutely no mental health support infrastructure in this college. Engineering students face immense pressure academic, placement-related, personal. Many of my friends are struggling with anxiety and burnout. There's no counselor, no support group, no accessible helpline. In some western colleges this is a priority. Please hire at least one full-time counselor and set up a confidential support service. Students really need this.",Main Gate,Other,Low
The teacher bullied a student over the ID card.,Classroom,Ragging,Medium
"Pedestrian Area: There is absolutely no mental health support infrastructure in this college. Engineering students face immense pressure academic, placement-related, personal. Many of my friends are struggling with anxiety and burnout. There's no counselor, no support group, no accessible helpline. In some western colleges this is a priority. Please hire at least one full-time counselor and set up a confidential support service. Students really need this.",Pedestrian,Other,Low
Classroom: The area behind the canteen is where all the garbage accumulates. It smells terrible and attracts insects. A proper waste disposal system is needed.,Classroom,Cleanliness,Low
"Classroom: Regular attendance for assignment submission, sincerity is compared with attendance, they don't allow to work on our self to develop new skills and after all this they want some innovation in our project, it is difficult to manage both and I think this is the reason why the placement rate is decreasing day by day.",Classroom,Academics,Low
Pedestrian Area: college bus facility nahi hai.,Pedestrian,Other,Low
Some professors don't know how to teach.,Classroom,Academics,Low
Senior students verbally abused juniors near the library and threatened them not to use certain chairs 'reserved' for seniors. This entitlement and intimidation needs to stop.,Library,Ragging,High
"Hostel: On Monday, the Chawli vegetable had such a bad smell that even the people at the next table were complaining. Even so, it was served. Is this acceptable? We are paying for decent food, not leftover smelly vegetables. There is also a shortage of papad, the Misal pav bread remains stale, and the same 2–3 items are served every day. If the canteen staff can be creative, please bring more variety. Students are bored with the same food.",Hostel,Mess/Food,Low
Library: Ladies washroom doors are not functional as the door locks are defective.,Library,Infrastructure,Low
Classroom: Not focused on particular subjects.. focuses on random things without giving proper weightage to each and every subject.,Classroom,Academics,Low
There is a language barrier in lectures.,Classroom,Other,Low
"Classroom: The pc's in the lab m411 does not work, it does not allow me to login my id.",Classroom,Technical Issues,Low
Classroom: The washroom cleaning schedule is not followed. It is cleaned in the morning and becomes dirty by afternoon. Cleaning should be done at least twice a day.,Classroom,Cleanliness,Low
Library: The staircase railing in B block is loose. It wobbles when you hold it. This is a safety hazard; someone could fall. Get it fixed before an accident happens.,Library,Infrastructure,High
"The AC in classroom 202 has been out of order for 2 months. During summer, it is difficult to sit even for an hour without AC. Please get it repaired already.",Classroom,Technical Issues,Low
"Library: I am writing this complaint on behalf of many students who are concerned about the hygiene conditions in the college washrooms, particularly in blocks C and D. The washrooms are cleaned only once in the morning. By 11am they are in a deplorable condition floors wet, flush not working, no soap, bad odor spreading to corridors. Students are forced to use unhygienic facilities multiple times a day. This increases risk of infections and skin diseases. The administration must hire adequate cleaning staff and ensure washrooms are cleaned at least 3 times daily.",Library,Cleanliness,Low
Library: printer out of order hai.,Library,Technical Issues,Low
Classroom: The college app crashes frequently and has a very outdated UI. Assignment submissions through the app often fail. Please update or replace it.,Classroom,Other,Low
Hostel: Poor quality & highly price food.,Hostel,Mess/Food,Low
"Classroom: Network speed during peak hours (10am-12pm) drops to almost nothing. Too many users, not enough bandwidth. Upgrade the network capacity.",Classroom,Technical Issues,Low
Classroom: Not giving time for students to build skills.,Classroom,Academics,Low
"Pedestrian Area: During monsoon, water enters the basement area where some labs are. Equipment gets damaged. Waterproofing should have been done long ago.",Pedestrian,Infrastructure,Low
Library: internet drops every 10 minutes.,Library,Technical Issues,Low
Library: Girls washroom doors do not have a lock/the locks are damaged .,Library,Infrastructure,Low
"Hostel: Misal pav is the most popular item, but the pav quality is always substandard. It is stale, hard, and sometimes has an unpleasant smell. Please conduct a basic quality check.",Hostel,Mess/Food,Low
"Pedestrian Area: College events run way over time without warning. If event says 6pm end, it runs till 9pm. Students miss buses and trains because of this.",Pedestrian,Other,Low
Pedestrian Area: socket problem in labs.,Pedestrian,Infrastructure,Low
"Classroom: The floor drainage system in the D block washroom is faulty. Water remains on the floor and makes it slippery. A student has already slipped there. This is waiting for an accident to happen. The flush also does not work properly. There is no soap. Overall, the washroom condition is very unhygienic. Please send the maintenance team to the D block washrooms on priority. This is a safety and hygiene emergency.",Classroom,Infrastructure,High
Pedestrian Area: A senior student was verbally aggressive with 2-3 juniors in the parking lot. Threatened them and used intimidating language. This is ragging and should be taken seriously.,Pedestrian,Ragging,High
Pedestrian Area: No bicycle parking area in college. Students who cycle to college have to leave them anywhere. Proper cycle stand should be provided.,Pedestrian,Other,Low
Pedestrian Area: The outdoor dustbins are open type no lid. Wind blows garbage all over campus. Use closed lid dustbins please.,Pedestrian,Cleanliness,Low
"Classroom: There is a layer of dust on the benches in the lab. The computers are also dusty. Clearly, regular cleaning is not done. This also reduces the equipment lifespan.",Classroom,Cleanliness,Low
Classroom: The vending machine does not work.,Classroom,Other,Low
"Library: The girls washroom of all the blocks especially d block are always dirty,the door knob of mostly all the stalls are broken ,the flush never works..so the washrooms of vit are in terrible condition and no one even cares to do anything about it.",Library,Cleanliness,Low
Classroom: Software required for our curriculum isn't installed on lab computers. We waste the first 30 minutes of every practical session installing tools.,Classroom,Technical Issues,Low
"Hostel: No proper induction program for first year students. They are lost for the first month with no guidance on processes, facilities, or expectations.",Hostel,Other,Low
Pedestrian Area: Washroom tiles in boys block have not been scrubbed in a long time. Stains and deposits everywhere. Deep cleaning is overdue.,Pedestrian,Cleanliness,Low
"Hostel: Paneer dishes are a disappointment every single time. Watery gravy, small pieces, and no flavor. For the price they charge, paneer should at least be decent.",Hostel,Mess/Food,Low
Library: college portal down hai.,Library,Technical Issues,Low
"Hostel: College canteen tables are rarely wiped after students leave. Leftover food, spills, and stains are visible on the tables. Is basic table cleaning not done?",Hostel,Cleanliness,Low
Professors who don't know the subject should not be teaching. Simple as that. Students deserve qualified and passionate teachers.,Classroom,Academics,Low
Pedestrian Area: Events schedule clashes with studies.,Pedestrian,Other,Low
Classroom: Cancel attendance factor.,Classroom,Academics,Low
Classroom: No dustbins inside lab rooms. Students have to walk to corridor to throw waste. Add dustbins inside labs please.,Classroom,Infrastructure,Low
"Hostel: College canteen tables are rarely wiped after students leave. Leftover food, spills, and stains are visible on the tables. Is basic table cleaning not done?",Hostel,Cleanliness,Low
Hostel: Chapatis are not good so thin and gravy smells and dal is like water no chana dal toor dal is there in it and the panner gravy is also so much watery And price is 60 for this.,Hostel,Mess/Food,Low
"Pedestrian Area: There is no proper grievance mechanism in college. We make complaints, whether verbally to the HOD or in a register, and we never hear back. Was it received? Is it being looked into? Is it resolved? There is zero feedback. It feels like complaints go into a black hole. An online complaint tracking system should be set up where students can see the status of their complaint. Transparency builds trust. Right now there is none.",Pedestrian,Other,Low
Some teachers are just here for the money they didnt even teach as per their pay just come tell something and then didnt even come to check whether student finish their work or not so much layback attitude.,Classroom,Academics,Low
Library: There is garbage everywhere in the college.,Library,Cleanliness,Low
"Food quality in the mess is honestly below average. The paneer gravy is watery, the vegetables have no taste, and the same menu is served every day. Please bring more variety.",Hostel,Mess/Food,Medium
Not encouraging students to improve their skills but attend those typical lectures with 0 value.,Classroom,Academics,Low
Classroom: attendance problem in college.,Classroom,Academics,Low
Classroom: The toilet flush does not work.,Classroom,Cleanliness,Low
Library: garbage near canteen area.,Library,Cleanliness,Low
"Main Gate: Sweeping is done daily but with the same dirty broom it just moves the dust around, doesn't clean. Use proper mops with disinfectant.",Main Gate,Cleanliness,Low
"Hostel: Junior students are asked by certain seniors to fetch food, do errands, etc. under the guise of 'helping out.' This normalized ragging needs to be addressed.",Hostel,Ragging,High
Pedestrian Area: The washroom cleaning schedule is not followed. It is cleaned in the morning and becomes dirty by afternoon. Cleaning should be done at least twice a day.,Pedestrian,Cleanliness,Low
"Classroom: During monsoon, water enters the basement area where some labs are. Equipment gets damaged. Waterproofing should have been done long ago.",Classroom,Infrastructure,Low
Library: Notices are not received properly.,Library,Other,Low
Hostel: Canteen is overcrowded during the lunch break and it takes a long time to get the food and till then the lecture gets started.,Hostel,Mess/Food,Low
Classroom: The ISA weighting in SGPA is so high that one sick student's entire semester can be ruined. There is no flexibility for genuine cases.,Classroom,Academics,Low
There is dust everywhere in the classroom.,Classroom,Cleanliness,Low
Hostel: The dal is mostly water.,Hostel,Mess/Food,Low
"Library: The door locks in the girls' washroom are broken in almost every stall. We have to hold the door or wait for the one with a working lock. During breaks, it is very stressful and time-consuming.",Library,Infrastructure,Medium
Main Gate: There is no soap in the washroom.,Main Gate,Cleanliness,Low
Hostel: There is no support for students who live far away.,Hostel,Other,Low
Pedestrian Area: Used tissue and garbage often found near the water cooler area. Students and cleaning staff both need to take responsibility.,Pedestrian,Cleanliness,Low
Classroom: The washroom flush does not work.,Classroom,Infrastructure,Low
"After rains, puddles form in campus walkways and become breeding grounds for mosquitoes. Proper drainage maintenance is needed.",Pedestrian,Cleanliness,Low
Hostel: Food hygiene is very questionable. Once I found something in my food that shouldn't be there. No proper covering of food items. This is a health risk.,Hostel,Mess/Food,Low
Hostel: Cleaning is not done properly.,Hostel,Cleanliness,Low
There is too much rush in the canteen during lunch time. Stand in the queue for 30 minutes and then the lecture is missed. There is also so little seating that there is no place to sit.,Classroom,Mess/Food,Low
"Classroom: Emergency exit signs in C block are faded and barely visible. In case of fire, this could be life-threatening. Please repaint them.",Classroom,Infrastructure,High
Classroom: internet drops every 10 minutes.,Classroom,Technical Issues,Low
Main Gate: The lights in the corridor are not working.,Main Gate,Infrastructure,Medium
Classroom: monday test hata do please.,Classroom,Academics,Low
"Pedestrian Area: In college, the responsibility for cleaning is placed only on the cleaning staff, but there is no quality check by the administration. Create an accountability system.",Pedestrian,Cleanliness,Low
Classroom: software license expired hai.,Classroom,Technical Issues,Low
Classroom: The lab floors are dirty.,Classroom,Cleanliness,Low
"Main Gate: College social media pages post irrelevant content. Important announcements should be made on official channels, not buried under event photos.",Main Gate,Other,Low
"A professor humiliated a student in the exam after accusing them of cheating. Strict action is understandable, but public humiliation is not.",Classroom,Ragging,Medium
Food in the mess should be affordable for OHU students. 60–70 rupees per meal is too much for what they serve. The quality and price do not match.,Hostel,Mess/Food,Medium
"Hostel: Vending machine near the canteen has been out of order for 3 weeks now. After 5pm when canteen closes, students have no food/snack option. Please fix it.",Hostel,Other,Low
The professor humiliated a student in class.,Classroom,Ragging,Medium
Faculty member has a habit of making examples of students who perform poorly by announcing their marks publicly. This is humiliating and discouraging.,Classroom,Ragging,Medium
Pedestrian Area: Benches in the canteen outdoor area are broken. Students sitting on them risk getting hurt. Replace them please.,Pedestrian,Infrastructure,Medium
"Pedestrian Area: No proper first aid room or medical facility on campus. If a student falls ill or gets injured, there's no immediate help available.",Pedestrian,Other,Low
AC in room 301 makes a huge noise it's distracting during lectures. Either fix the sound or replace the unit.,Classroom,Technical Issues,Low
Library: No hand sanitizers or soap available in washrooms. During flu season this is a major hygiene risk for everyone in the college.,Library,Cleanliness,Low
"Main Gate: Sweeping is done daily but with the same dirty broom it just moves the dust around, doesn't clean. Use proper mops with disinfectant.",Main Gate,Cleanliness,Low
AC in room 301 makes a huge noise it's distracting during lectures. Either fix the sound or replace the unit.,Classroom,Technical Issues,Low
Pedestrian Area: no soap dispenser in washroom.,Pedestrian,Infrastructure,Low
Library: The biometric attendance machine in D block has been broken for weeks. Manual attendance being taken is inconsistent and leads to disputes.,Library,Technical Issues,Low
Library: The area behind the canteen is where all the garbage accumulates. It smells terrible and attracts insects. A proper waste disposal system is needed.,Library,Cleanliness,Low
"Pedestrian Area: There is no bus facility for students coming from far areas. We spend 4-5 hours in travel daily. If college can arrange even one route, it would help many students.",Pedestrian,Other,Low
"Classroom: The electrical infrastructure in the labs is very dangerous. Sockets are so worn out that plugs don't fit students literally use pens to push in charger pins. This is an electrical hazard and someone could get seriously hurt. This has been like this for months and no maintenance has been done. Along with this, several lab benches are broken. Students can't work comfortably in such conditions. The maintenance team needs to do a complete lab inspection immediately.",Classroom,Infrastructure,High
Classroom: Students are not given access to the iMac lab. Such expensive hardware has dust on it. What is the point of buying it if students cannot use it?,Classroom,Technical Issues,Low
"The teacher publicly removed a student from class for no valid reason. It was humiliating, and the student was visibly upset. This is not acceptable.",Classroom,Ragging,Medium
Library: There is no counseling service.,Library,Other,Low
"A faculty member calls on students who seem distracted and mocks them sarcastically. 'You are a celebrity, should we wait for you?' This is demeaning.",Classroom,Ragging,Medium
The teacher is rude to students.,Classroom,Ragging,Medium
"I am a 3rd year CE student and honestly the academic pressure here is unbearable. We have monday tests every week, ISA exams, practicals, and on top of that tons of assignments with declaration pages for each one. Where is the time to actually learn something? I want to build projects, prepare for interviews, learn new technologies but the college keeps us so busy with pointless tasks that there's no time left. The professors themselves admit that half the syllabus won't be used in real life. Then why are we being evaluated on it? Please reconsider the academic structure.",Classroom,Academics,Low
Classroom: Half of the computers in Lab M312 do not work. Either they do not boot or the login fails. How are we supposed to complete practicals?,Classroom,Technical Issues,Low
Hostel: The canteen does not accept UPI.,Hostel,Mess/Food,Low
Classroom: Rugved Deolekar Sir unnecessarily bullying on a nomissue of an id card . Using poor language and rude tone which can in future lead to verbal argument and disturbance.,Classroom,Ragging,Medium
Hostel: College notices are never communicated properly. Important deadlines come and go without most students knowing. Use email or a proper notice board system.,Hostel,Other,Low
"Classroom: There is a test on Monday, so self-study is not possible on Sunday. We do not even get one day of rest. Please stop this and let students breathe.",Classroom,Academics,Low
Classroom: No wheelchair accessibility ramps in older buildings. Students with mobility issues cannot access certain floors. This is a serious inclusion failure.,Classroom,Infrastructure,Medium
Library: The washroom flush in boys block hasn't been working properly for weeks. It requires multiple attempts or doesn't flush at all. Very unhygienic situation.,Library,Infrastructure,Low
"The teacher publicly removed a student from class for no valid reason. It was humiliating, and the student was visibly upset. This is not acceptable.",Classroom,Ragging,Medium
The mess food is bad.,Hostel,Mess/Food,Medium
Pedestrian Area: cleanliness - everywhere.,Pedestrian,Cleanliness,Low
"Classroom: Declaration page for EVERY assignment is ridiculous. It's 2026, not 1990. Go paperless at least. Such a waste.",Classroom,Academics,Low
Library: The area outside is not safe.,Library,Infrastructure,Low
"Classroom: Sgpi/cgpi dependent on ISA, worthy people deprived of good sg or cg.",Classroom,Academics,Low
"Mess Food is not good, only 2-3 items are worth eating M-Block Canteen doesn't accept UPI.",Hostel,Mess/Food,Medium
"Hostel: Lack of nutrition in food, excess oil, poor quality of food.",Hostel,Mess/Food,Low
Classroom: Software required for our curriculum isn't installed on lab computers. We waste the first 30 minutes of every practical session installing tools.,Classroom,Technical Issues,Low
Library: The college portal interface is so old that it does not open properly on mobile. It is 2026; please make it mobile-responsive.,Library,Technical Issues,Low
Main Gate: Washroom tiles in boys block have not been scrubbed in a long time. Stains and deposits everywhere. Deep cleaning is overdue.,Main Gate,Cleanliness,Low
Classroom: Each Monday MSC test.,Classroom,Academics,Low
Classroom: sir ne personal comment kiya.,Classroom,Ragging,Medium
Classroom: Monday Exams.,Classroom,Academics,Low
"Classroom: During my MSE exams, a girl who regularly sits in front of me has long hair that often falls over my desk and covers my answer sheet. This repeatedly distracts me and makes it difficult to focus, as I am unable to see my paper clearly. Due to this ongoing issue, I have not been able to complete my exam properly or perform to the best of my abilityÃ°ÂÂÂ¢Ã°ÂÂÂ¢.",Classroom,Academics,Low
Hostel: Is this what we get for 60 rupees?,Hostel,Mess/Food,Low
"Classroom: My issue is with the complete lack of academic resources for the Robotics minor introduced by our department. Robotics is a field that fundamentally depends on both hardware and software, yet our Ã¢ÂÂcollegeÃ¢ÂÂ has reduced it to just theoretical or software-based learning, which defeats the entire purpose of the course. There are no basic resources provided not even something as simple as an Arduino board for hands-on practice. I havenÃ¢ÂÂt been shown a single working robot, nor has there been any proper demonstration of real robotics applications. How are students expected to understand robotics without ever interacting with actual hardware? Despite this, the department still expects 75% attendance. On what basis? Why should students attend classes that offer no practical value or real learning experience? If the college is not capable of providing even the most basic infrastructure required for robotics education, then offering this course is misleading and pointless. Institutions like IITs carefully design their labs and even involve experts or interns to decide what experiments students should perform. In contrast, our Ã¢ÂÂbeautiful collegeÃ¢ÂÂ is teaching only software like MATLAB in a so-called robotics lab. This is not robotics education this is a complete misrepresentation of the subject.",Classroom,Academics,Low
Hostel: M-block canteen doesn't accept UPI which is super inconvenient. We are college students most of us don't carry cash. Please update your payment system bhai.,Hostel,Mess/Food,Low
The seating capacity in the mess is way too small for the number of students. We end up eating standing or rushing back to class hungry.,Hostel,Mess/Food,Low
Professors having attitude to help students and they themselves lack education.,Classroom,Academics,Low
Main Gate: socket problem in labs.,Main Gate,Infrastructure,Low
Library: The Wi-Fi is not working.,Library,Technical Issues,Low
Classroom: There may be a virus on the PC; it is too slow.,Classroom,Technical Issues,Low
Hostel: The Misal pav bread remains stale. The Chawli vegetable has a bad smell. And papad is almost never available. Is this food worth 60 rupees? Absolutely not.,Hostel,Mess/Food,Low
"I am a 3rd year CE student and honestly the academic pressure here is unbearable. We have monday tests every week, ISA exams, practicals, and on top of that tons of assignments with declaration pages for each one. Where is the time to actually learn something? I want to build projects, prepare for interviews, learn new technologies but the college keeps us so busy with pointless tasks that there's no time left. The professors themselves admit that half the syllabus won't be used in real life. Then why are we being evaluated on it? Please reconsider the academic structure.",Classroom,Academics,Low
The professor is especially rude to girls.,Classroom,Ragging,Medium
Hostel: The washroom flush in boys block hasn't been working properly for weeks. It requires multiple attempts or doesn't flush at all. Very unhygienic situation.,Hostel,Infrastructure,Low
Pedestrian Area: Air conditioning does not work properly sometimes.,Pedestrian,Infrastructure,Low
"Classroom: ISA marks affect the SGPA, and this is unfair.",Classroom,Academics,Low
Hostel: paneer watery hai.,Hostel,Mess/Food,Low
Faculty teaching in marathi instead of English or hindi because I don't know marathi.,Classroom,Academics,Low
"After college events, the venue is never cleaned properly. Next day students find leftover food, plastic, and mess everywhere.",Hostel,Cleanliness,Medium
"During rains, water leaks into D block library area. Books and bags get wet. The building maintenance is clearly not done properly.",Library,Infrastructure,Medium
"Classroom: ITI students sometimes get better practical training than us. We are doing engineering, but we never learn how to build anything. Everything is theoretical. Physics, maths, theory, theory, theory. When will we become industry-ready? When we go to companies for interviews, we realize how large the gap is. It is the college's responsibility to prepare us, and this college is completely failing in this matter.",Classroom,Academics,Low
"The Wi-Fi password keeps changing without notice. One day it suddenly disconnects during class while the teacher is explaining something, and we are left without internet.",Classroom,Technical Issues,Low
Main Gate: Cleaning.,Main Gate,Cleanliness,Low
Classroom: The sockets in the lab are so damaged that students have to insert a pen to plug in a charger. This is dangerous; there is a risk of electric shock. Please fix it immediately.,Classroom,Infrastructure,High
Classroom smart boards are rarely functional. Teachers end up using chalk boards which defeats the purpose of having smart technology.,Classroom,Technical Issues,Low
"The college website is outdated timetables are wrong, faculty list is incomplete, and contact information leads to dead ends.",Classroom,Other,Low
"Library: Dustbins are placed only at entrances not inside labs or near study areas. Students have to walk too far, so they dump waste nearby instead.",Library,Cleanliness,Low
Classroom: During MSE exams submission portal crashed and many students couldn't upload on time. Who takes responsibility for technical failure?,Classroom,Technical Issues,Low
Hostel: There is no seating available during lunch.,Hostel,Mess/Food,Low
Classroom: 5 month long semester giving no time for self study or skills improvement.,Classroom,Academics,Low
Classroom: Monday test.,Classroom,Academics,Low
"Classroom: The College Wi-Fi login system is very buggy. Half the time the login page does not appear. If it does appear, it disconnects within 5 minutes.",Classroom,Technical Issues,Low
"Main Gate: Sweeping is done daily but with the same dirty broom it just moves the dust around, doesn't clean. Use proper mops with disinfectant.",Main Gate,Cleanliness,Low
Classroom: I want to raise a serious concern about the iMac lab. The college proudly advertises this lab but students have no access to it. It's always locked. The hardware is just sitting there collecting dust while students use their personal laptops for everything. Why was this lab set up if students can't use it? Let us use it during free periods or at least give access to CS and IT students. Such expensive equipment going to waste is both sad and frustrating.,Classroom,Technical Issues,Low
Pedestrian Area: no cleaning staff visible during day.,Pedestrian,Cleanliness,Low
Hostel: The cleaning staff doesn't clean under benches in the canteen. Food particles accumulate there attracting cockroaches and ants.,Hostel,Cleanliness,Low
Library: canopy leaks during rains.,Library,Infrastructure,Medium
"Classroom: Honestly, Monday tests should be stopped. We need one day of the weekend for studying, not for preparing for a test. Let us rest and learn at our own pace.",Classroom,Academics,Low
"Classroom: Being honest here the monday MSC tests are absolutely pointless. We are engineering students, not school kids. Every monday we have to mug up something, write a test, and the marks go into our ISA which affects SGPA. This creates unnecessary anxiety and leaves no weekend for actual learning. Companies hire for skills, not for monday test marks. Please scrap this system or at least make it optional. Our mental health matters too.",Classroom,Academics,Low
Pedestrian Area: The water purifier is unclean.,Pedestrian,Cleanliness,Low
Classroom: There is a lot of pressure regarding CGPA.,Classroom,Academics,Low
Library: College fee payment portal crashes near deadline. Then late fee is charged even when the failure was on the portal's end. Unfair.,Library,Other,Low
Main Gate: Washroom cleaning.,Main Gate,Cleanliness,Low
Classroom: Monday tests again.,Classroom,Academics,Low
"Library: College does not provide any platform to develop skills. No hackathons, no workshops, no industry visits. Only books and tests.",Library,Academics,Low
"Classroom: The girls' washroom in D block is always dirty. The floors are wet, the flush does not work, and there is no soap. How can students use this 5–6 times a day in such conditions? Cleaning should be done regularly.",Classroom,Cleanliness,Low
"I am a 3rd year CE student and honestly the academic pressure here is unbearable. We have monday tests every week, ISA exams, practicals, and on top of that tons of assignments with declaration pages for each one. Where is the time to actually learn something? I want to build projects, prepare for interviews, learn new technologies but the college keeps us so busy with pointless tasks that there's no time left. The professors themselves admit that half the syllabus won't be used in real life. Then why are we being evaluated on it? Please reconsider the academic structure.",Classroom,Academics,Low
Classroom: The Wi-Fi is not working at all.,Classroom,Technical Issues,Low
Library: The internet is very slow.,Library,Technical Issues,Low
Classroom: The internet keeps disconnecting repeatedly.,Classroom,Technical Issues,Low
Classroom: The lab systems cannot be logged into.,Classroom,Technical Issues,Low
Classroom: The projector cannot connect.,Classroom,Technical Issues,Low
Library: The college Wi-Fi range is very weak.,Library,Technical Issues,Low
Classroom: The LAN port does not work.,Classroom,Technical Issues,Low
Library: The system keeps hanging repeatedly.,Library,Technical Issues,Low
Classroom: The printer cannot connect to the network.,Classroom,Technical Issues,Low
Library: The server seems to be down.,Library,Technical Issues,Low
Main Gate: The washroom is very dirty.,Main Gate,Cleanliness,Low
Hostel: The toilet flush is not working.,Hostel,Cleanliness,Low
Pedestrian Area: The floor is not cleaned properly.,Pedestrian,Cleanliness,Low
Classroom: The dustbins are overflowing.,Classroom,Cleanliness,Low
There is dust everywhere in the classroom.,Classroom,Cleanliness,Low
Main Gate: There is a bad smell coming from the washroom.,Main Gate,Cleanliness,Low
Hostel: The cleaning staff does not come regularly.,Hostel,Cleanliness,Low
The mess area remains dirty.,Hostel,Cleanliness,Low
Classroom: The drinking water area is dirty.,Classroom,Cleanliness,Low
Library: Garbage remains scattered in the corridors.,Library,Cleanliness,Low
Main Gate: The AC is not cooling.,Main Gate,Infrastructure,Low
The classroom fan is not working.,Classroom,Infrastructure,Medium
Pedestrian Area: The lights are flickering.,Pedestrian,Infrastructure,Low
Classroom: The bench is broken.,Classroom,Infrastructure,Medium
Library: The door does not close properly.,Library,Infrastructure,Low
The classroom window is broken.,Classroom,Infrastructure,Medium
Hostel: Water is dripping from the ceiling.,Hostel,Infrastructure,Low
Pedestrian Area: The water cooler is not working.,Pedestrian,Infrastructure,Medium
Classroom: The lift is not working.,Classroom,Infrastructure,Medium
Classroom ventilation is very poor.,Classroom,Infrastructure,Low
The mess food is absolutely terrible.,Hostel,Mess/Food,Medium
Hostel: Food quality is very low.,Hostel,Mess/Food,Low
Hostel: The roti is hard and the vegetables are tasteless.,Hostel,Mess/Food,Low
Hostel: The food is served cold.,Hostel,Mess/Food,Low
Hostel: The milk seems spoiled.,Hostel,Mess/Food,Low
Hostel: The food is very oily.,Hostel,Mess/Food,Low
Hygiene is not maintained in the mess.,Hostel,Mess/Food,Low
Hostel: The rice is undercooked.,Hostel,Mess/Food,Low
Hostel: The snacks are not fresh.,Hostel,Mess/Food,Low
The water quality in the mess is doubtful.,Hostel,Mess/Food,Medium
The teacher does not explain well.,Classroom,Academics,Low
The lecture is difficult to understand.,Classroom,Academics,Low
Pedestrian Area: The syllabus has not been completed.,Pedestrian,Academics,Low
Classroom: Assignment deadlines are unclear.,Classroom,Academics,Low
Classroom: The test schedule is confusing.,Classroom,Academics,Low
Classroom: Notes were not provided.,Classroom,Academics,Low
The teacher is teaching too fast.,Classroom,Academics,Low
Classroom: Doubts are not resolved in class.,Classroom,Academics,Low
Classroom: Lab sessions are not being conducted properly.,Classroom,Academics,Low
Classroom: Attendance marking is incorrect.,Classroom,Academics,Low
Ragging is happening in the hostel.,Hostel,Ragging,High
Classroom: Seniors are forcing students to do work.,Classroom,Ragging,Medium
Bullying is happening in the hostel.,Hostel,Ragging,Medium
Pedestrian Area: Seniors are using abusive language.,Pedestrian,Ragging,Medium
Classroom: Ragging complaints are being ignored.,Classroom,Ragging,High
Classroom: First-year students are being tortured.,Classroom,Ragging,Medium
Classroom: Seniors are mentally harassing students.,Classroom,Ragging,Medium
Classroom: Ragging is not being controlled.,Classroom,Ragging,High
Classroom: Seniors threaten students.,Classroom,Ragging,High
Classroom: Ragging cases are increasing.,Classroom,Ragging,High
Main Gate: The fees issue is not being resolved.,Main Gate,Other,Low
Hostel: The ID card has not been received yet.,Hostel,Other,Low
Pedestrian Area: The admin office response is slow.,Pedestrian,Other,Low
Classroom: Documents have not been verified yet.,Classroom,Other,Low
Library: A portal login issue is occurring.,Library,Other,Low
Main Gate: The registration process is confusing.,Main Gate,Other,Low
Hostel: The exam form cannot be submitted.,Hostel,Other,Low
Pedestrian Area: The staff is not cooperating.,Pedestrian,Other,Low
Classroom: The website keeps crashing repeatedly.,Classroom,Other,Low
Library: An email reply is not being received.,Library,Other,Low
Library: The limited access to research databases and materials is causing a lot of frustration among students. We need better access to be able to succeed academically.,Library,Academic Support And Resources,Low
I'm having trouble finding the course materials I need for my classes. The library doesn't have them and the bookstore is always sold out.,Library,Academic Support And Resources,Low
Library: It's frustrating to have limited access to research databases and materials when I'm trying to write a paper or do a project. I feel like I'm at a disadvantage compared to students at other schools.,Library,Academic Support And Resources,Low
Classroom: I'm really struggling in one of my classes but I can't get an appointment with my academic advisor for weeks. It's making me feel like no one cares about my success.,Classroom,Academic Support And Resources,Low
Library: I am really struggling with understanding the instructions for this assignment. They are not clear and I don't know what is expected of me.,Library,Academic Support And Resources,Low
The grading system in this course is unfair and inconsistent. It seems like the professor is picking favorites and not giving everyone a fair shot.,Classroom,Academic Support And Resources,Low
I wish my professor would give us more feedback on our assignments. I don't know what I'm doing wrong and I can't improve without constructive criticism.,Classroom,Academic Support And Resources,Low
The quality of teaching in this course is very poor. The professor doesn't seem to care about the material or the students and it shows in the lectures.,Classroom,Academic Support And Resources,Low
Library: The course fees and textbook costs are way too high. I can barely afford to pay for everything and it's causing me a lot of stress.,Library,Academic Support And Resources,Low
I am very concerned about academic dishonesty and plagiarism in this course. The professor doesn't seem to take it seriously and it's making me question the integrity of the entire class.,Classroom,Academic Support And Resources,Low
Library: There have been several honor code violations in this course and it's really disappointing. I thought this was a place of higher learning and respect for academic integrity.,Library,Academic Support And Resources,Low
Library: The grading rubric for this course is confusing and doesn't make sense. I don't understand how my grade is being calculated and it's causing me a lot of anxiety.,Library,Academic Support And Resources,Low
I feel like my professor doesn't care about my success in this course. They don't give us enough support or resources to do well.,Classroom,Academic Support And Resources,Low
Library: The textbooks for this course are outdated and don't provide enough information. I feel like I'm not getting the education I paid for.,Library,Academic Support And Resources,Low
I am really frustrated with the lack of transparency in this course. The professor doesn't communicate with us clearly and it's causing a lot of confusion.,Classroom,Academic Support And Resources,Low
Library: The teaching assistants for this course are not helpful at all. They don't know the material and can't answer any of my questions.,Library,Academic Support And Resources,Low
Library: The grading scale for this course is too harsh. It's almost impossible to get an A and it's discouraging me from trying my best.,Library,Academic Support And Resources,Low
Library: I am disappointed with the quality of education I am receiving in this course. I expected more from a university.,Library,Academic Support And Resources,Low
The professor for this course is disorganized and doesn't seem to have a plan. I am not learning anything and it's frustrating.,Classroom,Academic Support And Resources,Low
Library: The cost of attending this university is outrageous. I don't know how I'm going to afford it.,Library,Academic Support And Resources,Low
Library: The textbook for this course is not helpful at all. It's poorly written and doesn't explain anything clearly.,Library,Academic Support And Resources,Low
Library: I am very concerned about the lack of diversity in this course. We are not getting a well-rounded education.,Library,Academic Support And Resources,Low
The professor for this course is biased and it's affecting my grade. They seem to have favorites and it's not fair.,Classroom,Academic Support And Resources,Low
Classroom: The workload for this course is overwhelming. I don't have enough time to complete everything and it's affecting my other classes.,Classroom,Academic Support And Resources,Low
Library: I wish there were more opportunities for extra credit in this course. It would help my grade and encourage me to learn more.,Library,Academic Support And Resources,Low
The professor for this course is not approachable. I am scared to ask them for help and it's hindering my success.,Classroom,Academic Support And Resources,Low
Library: The course fees are too high for what we're getting. We're not getting our money's worth.,Library,Academic Support And Resources,Low
The grading system for this course is too subjective. It's hard to know what the professor wants and it's affecting my grade.,Classroom,Academic Support And Resources,Low
The professor for this course is disinterested and it shows in their lectures. I am not learning anything and it's frustrating.,Classroom,Academic Support And Resources,Low
Library: The textbook for this course is full of errors and mistakes. It's hard to learn from something that's not accurate.,Library,Academic Support And Resources,Low
Library: I am concerned about the lack of academic rigor in this course. We.,Library,Academic Support And Resources,Low
Library: Limited access to technology and software is hindering my ability to do my coursework. I can't afford to buy expensive programs on my own.,Library,Academic Support And Resources,Low
Library: I'm trying to graduate early but there are only a few courses available that I need to take. It's frustrating that my options are so limited.,Library,Academic Support And Resources,Low
Library: The online system for accessing course materials is always down or glitchy. It's hard to get work done when I can't even access my assignments.,Library,Academic Support And Resources,Low
I wish there were more opportunities to access research databases and materials outside of the library. It would be nice to have more options and flexibility.,Library,Academic Support And Resources,Low
Classroom: It's really difficult to find the course materials I need for my classes because they're spread out across so many different resources. I wish there was a more streamlined system.,Classroom,Academic Support And Resources,Low
Library: The lack of available courses is making it hard for me to fulfill all of my degree requirements. I'm worried I won't be able to graduate on time.,Library,Academic Support And Resources,Low
"Classroom: I'm having trouble with a particular software program for one of my classes, but there's no one available to help me troubleshoot. It's frustrating to feel like I'm on my own.",Classroom,Academic Support And Resources,Low
Library: Limited access to research databases and materials is especially frustrating when I'm trying to write a thesis or do original research. It feels like I'm hitting a wall.,Library,Academic Support And Resources,Low
Library: I'm an international student and I'm having trouble accessing some of the online resources because of regional restrictions. It's frustrating to feel like I'm missing out because of where I'm from.,Library,Academic Support And Resources,Low
Library: I'm a transfer student and I feel like I'm at a disadvantage because I don't have access to all of the same resources and databases as students who started at this university.,Library,Academic Support And Resources,Low
Library: I'm a student with a disability and I'm having trouble accessing the technology and software I need to do my coursework. It's frustrating to feel like my needs aren't being accommodated.,Library,Academic Support And Resources,Low
Library: It's frustrating to have limited access to academic advisors because they're the ones who can help me plan my degree and make sure I'm on track to graduate.,Library,Academic Support And Resources,Low
I wish there were more options for accessing course materials online so that I don't have to physically go to the library or bookstore every time I need something.,Library,Academic Support And Resources,Low
Library: It's hard to do group projects when we have limited access to technology and software. It puts us at a disadvantage compared to other groups.,Library,Academic Support And Resources,Low
I'm having trouble accessing research databases and materials because the library hours are limited and they're often closed when I have time to study.,Library,Academic Support And Resources,Low
Library: Limited access to research databases and materials makes it hard to stay up-to-date with the latest developments in my field of study. It feels like I'm falling behind.,Library,Academic Support And Resources,Low
Library: Limited access to technology and software is making it hard to keep up with the pace of coursework. It feels like I'm constantly playing catch-up.,Library,Academic Support And Resources,Low
Library: The lack of available courses is making it hard to take electives that interest me. I feel like my academic options are too limited.,Library,Academic Support And Resources,Low
Library: Limited access to academic advisors is making me feel like I'm on my own when it comes to making important academic decisions.,Library,Academic Support And Resources,Low
Library: It's frustrating that we have such limited access to academic advisors. It makes it difficult to plan our academic careers and get the guidance we need.,Library,Academic Support And Resources,Low
Library: I'm really struggling with finding and accessing course materials. It's making it hard to keep up with the coursework.,Library,Academic Support And Resources,Low
Classroom: I wish there was more course availability. It's frustrating to have limited options for classes and not be able to take what we need.,Classroom,Academic Support And Resources,Low
Library: Limited access to technology and software is a major issue. It's hindering our ability to complete assignments and keep up with the demands of our courses.,Library,Academic Support And Resources,Low
Library: The limited access to research databases and materials is a huge problem. It makes it difficult to complete research assignments and write papers.,Library,Academic Support And Resources,Low
Library: It's really frustrating that we don't have better access to academic advisors. It's causing a lot of stress and anxiety.,Library,Academic Support And Resources,Low
Classroom: The difficulty in finding and accessing course materials is making it hard to succeed in our classes.,Classroom,Academic Support And Resources,Low
Classroom: Limited course availability is a huge problem for students. We need more options for classes to be able to meet our academic goals.,Classroom,Academic Support And Resources,Low
Library: Limited access to technology and software is preventing us from being able to complete assignments on time and to the best of our ability.,Library,Academic Support And Resources,Low
Library: It's really frustrating to have limited access to research databases and materials. It's making it hard to complete research assignments and write papers.,Library,Academic Support And Resources,Low
Library: I feel like I'm not getting the support I need from academic advisors. Limited access to them is making it difficult to plan my academic career.,Library,Academic Support And Resources,Low
Library: The difficulty in finding and accessing course materials is a major source of stress for students. It's important that we have access to what we need to succeed.,Library,Academic Support And Resources,Low
Classroom: Limited course availability is a major issue for students. We need more options to be able to take the classes we need.,Classroom,Academic Support And Resources,Low
Library: Limited access to technology and software is a major problem. It's impacting our ability to succeed in our courses and prepare for the workforce.,Library,Academic Support And Resources,Low
Library: It's really hard to succeed academically when we have limited access to academic advisors. We need more support.,Library,Academic Support And Resources,Low
Library: The difficulty in finding and accessing course materials is a barrier to success for many students. It's important that we have access to what we need to succeed.,Library,Academic Support And Resources,Low
Classroom: Limited course availability is causing a lot of stress for students. We need more options to be able to take the classes we need.,Classroom,Academic Support And Resources,Low
Library: Limited access to technology and software is making it difficult to complete assignments and prepare for the workforce. It's a major issue for students.,Library,Academic Support And Resources,Low
Library: The limited access to research databases and materials is making it hard to complete assignments and write papers. We need better access.,Library,Academic Support And Resources,Low
Library: It's really frustrating to not have more access to academic advisors. It's important that we have support to be able to plan our academic careers.,Library,Academic Support And Resources,Low
Library: The difficulty in finding and accessing course materials is a major issue. It's important that we have access to what we need to succeed academically.,Library,Academic Support And Resources,Low
Library: Limited course availability is impacting our ability to graduate on time and meet our academic goals. We need more options.,Library,Academic Support And Resources,Low
Library: Limited access to technology and software is a major issue for students. It's important that we have access to the tools we need to succeed academically and in the workforce.,Library,Academic Support And Resources,Low
Library: The limited access to research databases and materials is causing a lot of frustration for students. It's important that we have better access to complete our coursework.,Library,Academic Support And Resources,Low
"Library: Academic advisors are so important, but the limited access to them is making it difficult to plan our academic careers and succeed.",Library,Academic Support And Resources,Low
Library: The difficulty in finding and accessing course materials is causing a lot of stress for students.,Library,Academic Support And Resources,Low
Library: It's frustrating not being able to find the resources I need for my research projects due to the limited access to research databases and materials.,Library,Academic Support And Resources,Low
Classroom: Limited course availability is making it difficult to schedule my classes for next semester.,Classroom,Academic Support And Resources,Low
Library: The difficulty in finding and accessing course materials is really hindering my ability to study effectively.,Library,Academic Support And Resources,Low
"Library: The lack of access to academic advisors is really concerning, especially when I have questions about course selection and career planning.",Library,Academic Support And Resources,Low
Library: Limited access to technology and software is making it difficult to complete assignments and stay up to date with my coursework.,Library,Academic Support And Resources,Low
Library: I'm worried that my research projects won't be up to standard due to the limited access to research databases and materials.,Library,Academic Support And Resources,Low
Library: Limited course availability is making it impossible to complete my degree requirements on time.,Library,Academic Support And Resources,Low
Library: I feel like I'm falling behind in my courses due to the difficulty in finding and accessing course materials.,Library,Academic Support And Resources,Low
"Library: The lack of access to academic advisors is really frustrating, especially when I need help with scheduling or resolving academic issues.",Library,Academic Support And Resources,Low
Library: Limited access to technology and software is impacting my ability to compete with my peers and prepare for my future career.,Library,Academic Support And Resources,Low
Library: I'm struggling to find the necessary course materials for my courses due to the limited access available.,Library,Academic Support And Resources,Low
Library: The limited access to academic advisors is making it difficult for me to plan my academic career and get the support I need.,Library,Academic Support And Resources,Low
Library: Limited course availability is causing me to have to adjust my academic plans and career aspirations.,Library,Academic Support And Resources,Low
Library: Limited access to technology and software is causing me to fall behind in my coursework and struggle with assignments.,Library,Academic Support And Resources,Low
Library: I'm worried about the quality of my research projects due to the limited access to research databases and materials.,Library,Academic Support And Resources,Low
Library: The difficulty in finding and accessing course materials is causing me to spend unnecessary time and resources trying to complete assignments.,Library,Academic Support And Resources,Low
Library: Limited access to academic advisors is causing me to feel unsupported and disconnected from my academic goals.,Library,Academic Support And Resources,Low
Library: Limited course availability is causing me to miss out on valuable academic opportunities and experiences.,Library,Academic Support And Resources,Low
Library: The limited access to technology and software is causing me to have to use outdated tools and resources for my coursework.,Library,Academic Support And Resources,Low
Library: I feel like I'm not able to reach my full academic potential due to the limited access to research databases and materials.,Library,Academic Support And Resources,Low
Library: The difficulty in finding and accessing course materials is causing me to feel stressed and overwhelmed with my coursework.,Library,Academic Support And Resources,Low
Library: Limited access to academic advisors is causing me to feel lost and unsupported in my academic journey.,Library,Academic Support And Resources,Low
Library: I'm concerned that my academic achievements and career prospects will be impacted by the limited course availability.,Library,Academic Support And Resources,Low
Library: The limited access to technology and software is causing me to feel unprepared for the demands of the modern workforce.,Library,Academic Support And Resources,Low
Library: The limited access to research databases and materials is making it difficult to produce high-quality research projects and assignments.,Library,Academic Support And Resources,Low
Library: I'm struggling to keep up with my coursework due to the difficulty in finding and accessing course materials.,Library,Academic Support And Resources,Low
Library: Limited access to academic advisors is causing me to feel like I'm not receiving the guidance I need to succeed academically.,Library,Academic Support And Resources,Low
Library: Limited course availability is causing me to have to change my academic plans and goals.,Library,Academic Support And Resources,Low
Library: The limited access to technology and software is causing me to feel like I'm not developing the skills I need to succeed in my future career.,Library,Academic Support And Resources,Low
Library: The limited access to research databases and materials is causing me to feel like I'm not able to fully explore my academic interests.,Library,Academic Support And Resources,Low
Library: The difficulty in finding and accessing course materials is causing me to waste time and money trying to complete assignments.,Library,Academic Support And Resources,Low
Library: Limited access to academic advisors is causing me to feel like I'm not receiving the academic support I need.,Library,Academic Support And Resources,Low
Library: Limited course availability is causing me to feel like I'm not able to fully engage with my academic studies.,Library,Academic Support And Resources,Low
"Library: As a student in a remote area, I'm struggling to access the required course materials due to limited availability online.",Library,Academic Support And Resources,Low
It's frustrating when you can't access research databases and materials you need for your assignments because they're only available in the library and you can't visit it.,Library,Academic Support And Resources,Low
Library: The limited access to technology and software is hindering my ability to complete my coursework to the best of my ability.,Library,Academic Support And Resources,Low
Library: I am paying a significant amount for tuition and it's disappointing that I can't access all the resources I need for my studies.,Library,Academic Support And Resources,Low
Library: The limited course availability makes it difficult for me to plan my academic schedule and complete my degree in a timely manner.,Library,Academic Support And Resources,Low
Library: I wish there were more academic advisors available to guide me through my degree program and answer my questions.,Library,Academic Support And Resources,Low
Library: Limited access to academic resources has made it difficult for me to achieve the grades I am capable of.,Library,Academic Support And Resources,Low
I am struggling to find and access course materials needed for my classes due to limited availability in the library and online.,Library,Academic Support And Resources,Low
Library: The lack of access to research databases and materials is hindering my ability to conduct thorough research for my papers.,Library,Academic Support And Resources,Low
"Classroom: It's frustrating to not have access to the latest technology and software, especially when it's required for certain classes.",Classroom,Academic Support And Resources,Low
Library: The limited access to academic resources is preventing me from fully engaging in my studies and reaching my full potential.,Library,Academic Support And Resources,Low
Library: I am finding it difficult to complete my assignments due to the limited access to technology and software I need.,Library,Academic Support And Resources,Low
"Library: Limited access to academic resources is causing unnecessary stress and anxiety, which is negatively affecting my academic performance.",Library,Academic Support And Resources,Low
"Library: It's frustrating to know that there are research databases and materials that could benefit my studies, but I don't have access to them.",Library,Academic Support And Resources,Low
Library: I wish there were more academic advisors available to guide me through my degree program and help me make the most of my university experience.,Library,Academic Support And Resources,Low
Library: The limited course availability is causing scheduling conflicts and making it difficult to plan out my academic path.,Library,Academic Support And Resources,Low
Library: The limited access to technology and software is preventing me from exploring new fields and expanding my knowledge.,Library,Academic Support And Resources,Low
Library: I am paying for access to academic resources and it's disappointing that they're not readily available to me.,Library,Academic Support And Resources,Low
Library: The limited access to research databases and materials is making it difficult for me to complete my thesis.,Library,Academic Support And Resources,Low
"I wish there were more opportunities to access academic resources, such as extended library hours or online resources.",Library,Academic Support And Resources,Low
Library: The limited access to academic resources is making it difficult to pursue my academic interests and passions.,Library,Academic Support And Resources,Low
Library: I am finding it difficult to complete my assignments on time due to the limited access to technology and software.,Library,Academic Support And Resources,Low
Library: Limited access to academic resources is preventing me from making the most of my university experience and achieving my academic goals.,Library,Academic Support And Resources,Low
Classroom: The limited course availability is preventing me from taking the classes I need to complete my degree.,Classroom,Academic Support And Resources,Low
Library: I wish there were more academic advisors available to provide guidance and support throughout my university experience.,Library,Academic Support And Resources,Low
Library: The limited access to technology and software is hindering my ability to prepare for my future career.,Library,Academic Support And Resources,Low
Library: Limited access to academic resources is creating a disadvantage for me compared to other students who have greater access.,Library,Academic Support And Resources,Low
Library: The limited access to research databases and materials is making it difficult to conduct quality research for my papers.,Library,Academic Support And Resources,Low
"Library: I am struggling to find and access the course materials I need, which is negatively affecting my academic performance.",Library,Academic Support And Resources,Low
Library: Limited access to academic resources is making it difficult for me to fully engage in my studies and take advantage of all that my university has to offer.,Library,Academic Support And Resources,Low
"Library: I'm finding the academic workload really overwhelming, and it's been a struggle to keep up with all the assignments.",Library,Academic Support And Resources,Low
"Library: The course material is extremely challenging, and I often feel like I don't fully understand it.",Library,Academic Support And Resources,Low
Library: I've been struggling with my time management skills lately and it's been affecting my grades. I really need to get better at prioritizing my tasks.,Library,Academic Support And Resources,Low
"Library: Balancing work and academic responsibilities has been a real challenge for me, and I often feel like I'm being pulled in two different directions.",Library,Academic Support And Resources,Low
"Library: I'm finding it difficult to balance my extracurricular activities with my academic work, and I'm often left feeling stressed and overwhelmed.",Library,Academic Support And Resources,Low
"Library: Lack of sleep and fatigue has been a real issue for me lately, and it's been affecting my ability to focus and stay motivated.",Library,Academic Support And Resources,Low
"Library: I've been dealing with a lot of stress and anxiety lately, and it's been really tough to stay on top of my schoolwork.",Library,Academic Support And Resources,Low
"Library: Mental health concerns have been a major factor in my academic performance, and I really need to prioritize self-care in order to succeed.",Library,Academic Support And Resources,Low
"Library: I'm struggling to keep up with the academic workload, and it's been causing me a lot of stress and anxiety.",Library,Academic Support And Resources,Low
"Library: The course material is really challenging, and I often feel like I'm in over my head.",Library,Academic Support And Resources,Low
"Library: I'm not very good at managing my time, and I often find myself struggling to balance my academic work with my other commitments.",Library,Academic Support And Resources,Low
"Library: Balancing work and academic responsibilities has been a real struggle for me, and it's been affecting my grades.",Library,Academic Support And Resources,Low
"Library: I often have conflicts with my other commitments, and it's been difficult to find time to focus on my schoolwork.",Library,Academic Support And Resources,Low
"Library: I've been feeling really tired and burnt out lately, and it's been hard to stay motivated to study.",Library,Academic Support And Resources,Low
"Library: The stress and anxiety of college life has been getting to me, and I'm having trouble focusing on my coursework.",Library,Academic Support And Resources,Low
"Library: My mental health has been a major factor in my academic performance, and I need to prioritize self-care in order to succeed.",Library,Academic Support And Resources,Low
"Library: I'm feeling really overwhelmed by the academic workload, and I'm struggling to keep up with everything.",Library,Academic Support And Resources,Low
"Library: The course material is really difficult, and I often feel like I don't fully understand it.",Library,Academic Support And Resources,Low
"Library: I'm not very good at managing my time, and it's been affecting my grades.",Library,Academic Support And Resources,Low
"Library: Balancing work and academic responsibilities has been really challenging for me, and it's been causing me a lot of stress.",Library,Academic Support And Resources,Low
"Library: I often have conflicts with my other commitments, and it's been tough to find time to focus on my schoolwork.",Library,Academic Support And Resources,Low
"Library: I've been feeling really exhausted lately, and it's been hard to stay motivated to study.",Library,Academic Support And Resources,Low
"Library: The stress and anxiety of college life has been really overwhelming, and it's been affecting my mental health.",Library,Academic Support And Resources,Low
"Library: I'm dealing with some mental health issues that have been affecting my academic performance, and I need to seek help.",Library,Academic Support And Resources,Low
"Library: The academic workload has been really intense lately, and it's been a struggle to keep up with everything.",Library,Academic Support And Resources,Low
"Library: The course material is really challenging, and I often feel like I'm not smart enough to understand it.",Library,Academic Support And Resources,Low
Library: I need to work on my time management skills because I'm constantly feeling behind in my coursework.,Library,Academic Support And Resources,Low
"Library: Balancing work and academic responsibilities has been a real struggle, and I'm not sure how to make it work.",Library,Academic Support And Resources,Low
"Library: I have a lot of other commitments that often conflict with my schoolwork, and it's been really hard to juggle everything.",Library,Academic Support And Resources,Low
"Library: I've been feeling really run down lately, and it's been tough to stay focused on my studies.",Library,Academic Support And Resources,Low
Library: The stress and anxiety of college life has been really overwhelming.,Library,Academic Support And Resources,Low
"Library: The academic workload is becoming overwhelming, especially with the difficulty of course material. It's difficult to manage my time well and balance my work responsibilities with my academic ones. I have a hard time sleeping due to the stress and anxiety this is causing me, and it's starting to affect my mental health.",Library,Academic Support And Resources,Low
"Library: I find myself struggling with the difficulty of course material and trying to manage my time effectively. Balancing work and academic responsibilities is a challenge, and I'm not getting enough sleep. This is causing me stress and anxiety, which is taking a toll on my mental health.",Library,Academic Support And Resources,Low
"Library: Managing the academic workload and the difficulty of course material is a constant struggle. I need to improve my time management skills to balance work and academic responsibilities, but it's hard when I have time conflicts with other commitments. The lack of sleep is starting to affect my mental health, and I'm feeling stressed and anxious.",Library,Academic Support And Resources,Low
"Library: I'm finding it hard to keep up with the academic workload, especially since the course material is challenging. Balancing work and academic responsibilities is tough, and there are often time conflicts with other commitments. I'm not getting enough sleep, and it's starting to affect my mental health. The stress and anxiety are overwhelming.",Library,Academic Support And Resources,Low
"Library: The academic workload is taking its toll on me, especially since the course material is so difficult. I'm trying to manage my time effectively, but it's challenging to balance work and academic responsibilities. There are always time conflicts with other commitments, and I'm not getting enough sleep. This is causing me stress and anxiety, and it's starting to impact my mental health.",Library,Academic Support And Resources,Low
"Library: I'm struggling with the academic workload and the difficulty of the course material. I need to improve my time management skills to balance work and academic responsibilities, but there are always time conflicts with other commitments. I'm not sleeping well, and it's affecting my mental health. I'm feeling stressed and anxious all the time.",Library,Academic Support And Resources,Low
"Library: It's challenging to keep up with the academic workload, especially since the course material is so difficult. I need to work on my time management skills to balance work and academic responsibilities, but there are always time conflicts with other commitments. The lack of sleep is starting to take its toll on my mental health, and I'm feeling stressed and anxious.",Library,Academic Support And Resources,Low
"Library: The academic workload is becoming overwhelming, and the course material is so challenging. I'm struggling to balance work and academic responsibilities and manage my time effectively. There are often time conflicts with other commitments, and I'm not getting enough sleep. This is causing me stress and anxiety, and my mental health is suffering.",Library,Academic Support And Resources,Low
"Library: The academic workload is getting to be too much, and I'm finding the course material increasingly difficult. I need to improve my time management skills to balance work and academic responsibilities, but there are always time conflicts with other commitments. The lack of sleep is starting to affect my mental health, and I'm feeling stressed and anxious all the time.",Library,Academic Support And Resources,Low
"Library: Managing the academic workload is a challenge, especially since the course material is so difficult. I need to balance work and academic responsibilities, but there are often time conflicts with other commitments. The lack of sleep is starting to take its toll on my mental health, and I'm feeling stressed and anxious.",Library,Academic Support And Resources,Low
"Library: The academic workload is overwhelming, and the course material is hard to understand. Balancing work and academic responsibilities is tough, and there are always time conflicts with other commitments. I'm not getting enough sleep, and the stress and anxiety are starting to affect my mental health.",Library,Academic Support And Resources,Low
"Library: It's hard to keep up with the academic workload, and the difficulty of the course material is making it even harder. Balancing work and academic responsibilities is a challenge, and there are often time conflicts with other commitments. The lack of sleep is taking its toll.",Library,Academic Support And Resources,Low
"Library: I have found that the academic workload has been extremely heavy this semester, leaving me feeling overwhelmed and stressed.",Library,Academic Support And Resources,Low
"Library: The difficulty of the course material is much higher than I anticipated, and I am struggling to keep up.",Library,Academic Support And Resources,Low
Library: I have been struggling with time management skills and finding it difficult to balance my academic responsibilities with work and other commitments.,Library,Academic Support And Resources,Low
"Library: Balancing work and academic responsibilities has been a significant challenge, and I have found it difficult to maintain a healthy work-life balance.",Library,Academic Support And Resources,Low
Library: Time conflicts with other commitments have made it challenging to keep up with coursework and assignments.,Library,Academic Support And Resources,Low
Library: I am struggling with lack of sleep and fatigue due to the demands of my academic workload.,Library,Academic Support And Resources,Low
"Library: The stress and anxiety of the academic workload have been affecting my mental health, and I am finding it difficult to cope.",Library,Academic Support And Resources,Low
Library: I am concerned about my mental health and have been experiencing symptoms of depression and anxiety due to the academic workload.,Library,Academic Support And Resources,Low
"Library: The academic workload is overwhelming, and I am struggling to find ways to manage my stress and maintain my mental health.",Library,Academic Support And Resources,Low
"Library: I have been finding it difficult to balance my academic workload with other commitments, such as extracurricular activities and social life.",Library,Academic Support And Resources,Low
"Classroom: The course material is much more challenging than I expected, and I am struggling to keep up with the pace of the class.",Classroom,Academic Support And Resources,Low
"Library: I am finding it difficult to manage my time effectively, and it is affecting my ability to keep up with assignments and coursework.",Library,Academic Support And Resources,Low
"Library: Balancing work and academic responsibilities has been a significant challenge, and I am finding it hard to find time for self-care and relaxation.",Library,Academic Support And Resources,Low
"Library: I am struggling to keep up with my coursework due to time conflicts with other commitments, such as part-time work and family obligations.",Library,Academic Support And Resources,Low
Library: Lack of sleep and fatigue have been affecting my ability to focus on coursework and stay motivated.,Library,Academic Support And Resources,Low
"Library: The academic workload is causing significant stress and anxiety, and I am finding it hard to cope with the pressure.",Library,Academic Support And Resources,Low
Library: I am concerned about my mental health and have been experiencing symptoms of burnout and exhaustion due to the demands of my academic workload.,Library,Academic Support And Resources,Low
Library: I am struggling to find ways to manage my stress and maintain my mental health while balancing my academic responsibilities with other commitments.,Library,Academic Support And Resources,Low
"Library: The course material is much more difficult than I expected, and I am finding it hard to understand and retain the information.",Library,Academic Support And Resources,Low
"Library: I am struggling to manage my time effectively, and it is affecting my ability to keep up with assignments and coursework.",Library,Academic Support And Resources,Low
"Library: Balancing work and academic responsibilities has been challenging, and I am finding it hard to find time for social activities and hobbies.",Library,Academic Support And Resources,Low
"Library: Time conflicts with other commitments have been causing significant stress and anxiety, and I am finding it hard to stay motivated.",Library,Academic Support And Resources,Low
"Library: Lack of sleep and fatigue have been affecting my ability to concentrate and retain information, and I am concerned about my academic performance.",Library,Academic Support And Resources,Low
"Library: I am experiencing symptoms of anxiety and depression due to the demands of my academic workload, and I am concerned about my mental health.",Library,Academic Support And Resources,Low
"Library: The academic workload is overwhelming, and I am finding it difficult to stay motivated and engaged in my studies.",Library,Academic Support And Resources,Low
Library: I have been struggling to find ways to manage my stress and maintain my mental health while balancing my academic responsibilities with other commitments.,Library,Academic Support And Resources,Low
"Library: The course material is much more challenging than I expected, and I am struggling to understand the concepts and complete assignments.",Library,Academic Support And Resources,Low
Library: I am struggling to manage my time effectively and find it hard to balance my academic responsibilities with work and social activities.,Library,Academic Support And Resources,Low
"Library: Balancing work and academic responsibilities has been a significant challenge, and I am finding it.",Library,Academic Support And Resources,Low
Library: The academic workload this semester is overwhelming. I'm having trouble keeping up with all the assignments and readings.,Library,Academic Support And Resources,Low
I find the course material for my math class to be extremely difficult. I've been attending extra study sessions but still feel lost.,Classroom,Academic Support And Resources,Low
Library: Balancing my part-time job with my coursework has been a major struggle. I'm constantly exhausted and feel like I don't have enough time to focus on school.,Library,Academic Support And Resources,Low
Classroom: I have a time conflict with one of my classes and it's causing a lot of stress. I'm trying to work with my advisor to figure out a solution but it's proving to be difficult.,Classroom,Academic Support And Resources,Low
Library: I'm not getting enough sleep and it's starting to affect my academic performance. I've tried adjusting my schedule but still can't seem to get enough rest.,Library,Academic Support And Resources,Low
"Library: I'm feeling really overwhelmed with the amount of coursework I have to do, and it's causing a lot of stress and anxiety.",Library,Academic Support And Resources,Low
Library: I've been experiencing mental health issues and it's making it hard to focus on school. I'm trying to seek help but it's been a slow process.,Library,Academic Support And Resources,Low
"Library: I have a lot of commitments outside of school, including family responsibilities, and it's been a challenge to balance everything.",Library,Academic Support And Resources,Low
Library: I'm struggling with time management and finding it hard to prioritize my coursework. I'm looking for resources to help me improve my skills.,Library,Academic Support And Resources,Low
The course material for my history class is very dense and difficult to understand. I'm hoping to find a tutor or study group to help me navigate it.,Classroom,Academic Support And Resources,Low
Library: I've been working a lot lately and it's been hard to find time to focus on schoolwork. I'm trying to find ways to better manage my time.,Library,Academic Support And Resources,Low
Library: The amount of reading and writing assignments in my English class is overwhelming. I'm finding it hard to keep up with the workload.,Library,Academic Support And Resources,Low
Library: I'm feeling a lot of stress and anxiety about upcoming exams. I'm trying to develop better study habits to help me manage my stress.,Library,Academic Support And Resources,Low
Library: I'm having trouble balancing my extracurricular activities with my coursework. I'm considering cutting back on some activities to focus more on school.,Library,Academic Support And Resources,Low
Library: I'm feeling burnt out and exhausted from the demands of my coursework. I'm trying to find ways to recharge and take care of my mental health.,Library,Academic Support And Resources,Low
Library: I have a lot of personal commitments that are making it difficult to prioritize my schoolwork. I'm looking for strategies to help me better manage my time.,Library,Academic Support And Resources,Low
The course material for my physics class is very challenging and I'm struggling to keep up. I'm considering seeking additional help from a tutor.,Classroom,Academic Support And Resources,Low
Library: I'm feeling overwhelmed with the amount of reading and assignments in my sociology class. I'm trying to break things down into smaller tasks to make it more manageable.,Library,Academic Support And Resources,Low
Library: I'm having trouble sleeping at night and it's causing me to feel tired and unfocused during the day. I'm looking for ways to improve my sleep habits.,Library,Academic Support And Resources,Low
Library: The pressure to maintain good grades is causing me a lot of stress and anxiety. I'm trying to find a healthy balance between school and self-care.,Library,Academic Support And Resources,Low
Library: I'm struggling with mental health issues that are making it hard to focus on school. I'm working with a therapist to develop coping strategies.,Library,Academic Support And Resources,Low
Library: I have a part-time job that's making it hard to balance my schoolwork. I'm trying to negotiate a better schedule with my employer.,Library,Academic Support And Resources,Low
"Library: I'm finding it hard to stay motivated with my coursework. I'm trying to set smaller, achievable goals to help me stay on track.",Library,Academic Support And Resources,Low
Classroom: I'm having trouble meeting the athletic eligibility requirements because of a schedule conflict with one of my classes. I wish there was more flexibility.,Classroom,Athletics And Sports,Low
"Pedestrian Area: As an athlete, I'm frustrated with the limited access to athletic facilities during peak hours. It's difficult to fit in training sessions when the gym is always packed.",Pedestrian,Athletics And Sports,Low
Classroom: I'm having trouble meeting the athletic eligibility requirements because of a schedule conflict with one of my classes. I wish there was more flexibility.,Classroom,Athletics And Sports,Low
"I've had to deal with a sports-related injury, and the university's medical resources for athletes are very limited. I've had to seek treatment outside of campus.",Pedestrian,Athletics And Sports,High
"I don't like the culture of the sports team I'm on. It's very exclusive, and some members aren't treated fairly.",Pedestrian,Athletics And Sports,Low
I'm disappointed with the gender inequality in our sports program. The women's teams don't get the same funding or recognition as the men's teams.,Pedestrian,Athletics And Sports,Low
"I'm concerned about the university's compliance with Title IX. It seems like some sports programs receive preferential treatment, and that's not fair.",Pedestrian,Athletics And Sports,Low
"Pedestrian Area: The athletic facilities are always overcrowded, and I have to wait a long time to use the equipment I need for my training.",Pedestrian,Athletics And Sports,Low
I feel like the athletic eligibility requirements are too strict and prevent many students from participating in sports.,Pedestrian,Athletics And Sports,Low
"I suffered a sports-related injury and had to take time off from training, but the university's support for injured athletes is lacking.",Pedestrian,Athletics And Sports,High
"The sports team culture at this university is toxic, and I don't feel welcome on the team.",Pedestrian,Athletics And Sports,Low
"The gender inequality in sports is apparent, and the university needs to invest more resources into women's sports programs.",Pedestrian,Athletics And Sports,Low
The university needs to do more to ensure Title IX compliance and make sure all sports programs are treated fairly.,Pedestrian,Athletics And Sports,Low
Pedestrian Area: It's frustrating that I can't access the athletic facilities I need because of strict scheduling limitations.,Pedestrian,Athletics And Sports,Low
"I wish the athletic eligibility requirements were more flexible, as they make it difficult for me to balance sports and academics.",Pedestrian,Athletics And Sports,Low
"I'm struggling to get medical attention for my sports-related injury, and the university's resources are not sufficient.",Pedestrian,Athletics And Sports,High
"The sports team culture can be cliquey and exclusive, making it difficult for some members to feel included.",Pedestrian,Athletics And Sports,Low
I've witnessed gender inequality within the sports program firsthand and feel it's time for change.,Pedestrian,Athletics And Sports,Low
The university needs to do more to ensure Title IX compliance and provide equal opportunities for all sports programs.,Pedestrian,Athletics And Sports,Low
Pedestrian Area: The athletic facilities are not well-maintained and are often dirty and overcrowded.,Pedestrian,Athletics And Sports,Low
The athletic eligibility requirements are too strict and limit the number of students who can participate in sports programs.,Pedestrian,Athletics And Sports,Low
Pedestrian Area: I'm frustrated with the lack of resources available to athletes who suffer from injuries or other medical concerns.,Pedestrian,Athletics And Sports,Low
The sports team culture is not inclusive and often feels like a popularity contest.,Pedestrian,Athletics And Sports,Low
"I've noticed a clear gender inequality within the sports program, and it's time for the university to take action.",Pedestrian,Athletics And Sports,Low
"Pedestrian Area: The university needs to ensure Title IX compliance and provide equal opportunities for all athletes, regardless of gender.",Pedestrian,Athletics And Sports,Low
Pedestrian Area: The limited access to athletic facilities makes it challenging to train effectively and reach my goals.,Pedestrian,Athletics And Sports,Low
Pedestrian Area: The athletic eligibility requirements don't take into account the unique circumstances of each athlete and can be unfair.,Pedestrian,Athletics And Sports,Low
"Pedestrian Area: The university needs to invest in better medical resources for athletes, as the current options are insufficient.",Pedestrian,Athletics And Sports,Low
The sports team culture needs to be more inclusive and welcoming to all members.,Pedestrian,Athletics And Sports,Low
I've experienced gender inequality within the sports program and feel that it's a significant issue that needs to be addressed.,Pedestrian,Athletics And Sports,Low
Pedestrian Area: The university needs to take steps to ensure Title IX compliance and create a level playing field for all athletes.,Pedestrian,Athletics And Sports,Low
Pedestrian Area: I feel frustrated with the limited access to the athletic facilities on campus. It's hard to stay active and healthy when you can't even use the gym when you want to.,Pedestrian,Athletics And Sports,Low
The athletic eligibility requirements for sports teams are so strict. It's unfair that some students can't participate just because they don't meet certain criteria.,Pedestrian,Athletics And Sports,Low
I'm concerned about the injuries that happen during sports games and practices. The university needs to prioritize the health and safety of its athletes.,Pedestrian,Athletics And Sports,Low
I've noticed that the sports team culture on campus can be exclusive and elitist. It makes it hard for newcomers to feel welcome.,Pedestrian,Athletics And Sports,Low
Gender inequality in sports is a serious issue that needs to be addressed. Women's sports teams should be given the same opportunities and resources as men's teams.,Pedestrian,Athletics And Sports,Low
"I'm disappointed with the lack of support for student athletes. It's hard to balance sports and academics, and more resources need to be provided to help athletes succeed.",Pedestrian,Athletics And Sports,Low
The Title IX compliance of the university's sports programs is concerning. It's important to make sure that all students are treated fairly and given equal opportunities.,Pedestrian,Athletics And Sports,Low
It's frustrating that there are limited options for sports and athletics programs on campus. More variety would be appreciated.,Pedestrian,Athletics And Sports,Low
I'm concerned about the lack of diversity on the sports teams. It's important for all students to feel represented and included.,Pedestrian,Athletics And Sports,Low
Pedestrian Area: Athletic facilities are often overcrowded and difficult to access. This makes it hard to stay motivated to exercise and stay active.,Pedestrian,Athletics And Sports,Low
Pedestrian Area: The athletic eligibility requirements can be confusing and hard to navigate. The university should provide clearer guidelines and resources to help students understand the process.,Pedestrian,Athletics And Sports,Low
Pedestrian Area: The university needs to prioritize the health and wellbeing of its student athletes. This includes providing adequate medical resources and support.,Pedestrian,Athletics And Sports,Low
The sports team culture on campus can be toxic and harmful. It's important for the university to promote a positive and inclusive environment.,Pedestrian,Athletics And Sports,Low
Gender inequality in sports is unacceptable. The university needs to do more to support and empower women athletes.,Pedestrian,Athletics And Sports,Low
It's disappointing that there are limited opportunities for students who aren't interested in traditional sports. More alternative options would be appreciated.,Pedestrian,Athletics And Sports,Low
The lack of resources for student athletes is frustrating. It's hard to succeed in sports and academics without proper support.,Pedestrian,Athletics And Sports,Low
The university needs to make sure that all sports programs are compliant with Title IX regulations. Discrimination should not be tolerated.,Pedestrian,Athletics And Sports,High
"Pedestrian Area: Athletic facilities should be accessible to all students, regardless of their major or athletic eligibility. Everyone should have the opportunity to stay active and healthy.",Pedestrian,Athletics And Sports,Low
I'm concerned about the lack of diversity among the coaches and staff of the sports teams. It's important for students to have role models and mentors who look like them.,Pedestrian,Athletics And Sports,Low
Sports-related injuries can have long-lasting effects on a student's health and wellbeing. It's important for the university to take preventative measures and prioritize safety.,Pedestrian,Athletics And Sports,Low
Pedestrian Area: The athletic eligibility requirements can be unfair to students who don't have the same opportunities as others. The university should take socioeconomic factors into account when evaluating eligibility.,Pedestrian,Athletics And Sports,Low
"The sports team culture can be exclusive and cliquey, making it hard for new students to feel included. It's important for the university to foster a welcoming and supportive environment.",Pedestrian,Athletics And Sports,Low
"Gender inequality in sports is a pervasive issue that affects all students, not just athletes. The university should do more to promote gender equity and empowerment.",Pedestrian,Athletics And Sports,Low
The lack of options for sports and athletics programs on campus is disappointing. More variety would help students find activities that they enjoy and feel passionate about.,Pedestrian,Athletics And Sports,Low
Student athletes often face unique challenges when it comes to balancing sports and academics. The university needs to provide more support and resources to help them succeed.,Pedestrian,Athletics And Sports,Low
Pedestrian Area: I am frustrated with the limited access to athletic facilities on campus. It's difficult to find a time when the gym or fields are not overcrowded.,Pedestrian,Athletics And Sports,Low
The athletic eligibility requirements are too strict and exclusionary. It feels like only a select few students are able to participate in sports.,Pedestrian,Athletics And Sports,Low
I am concerned about the lack of attention given to injuries and sports-related medical concerns. It feels like student-athletes are not given adequate support.,Pedestrian,Athletics And Sports,Low
The sports team culture on campus is toxic and exclusionary. It's discouraging to see such a lack of respect for fellow students.,Pedestrian,Athletics And Sports,Low
I am disappointed with the gender inequality in sports. Women's teams are often underfunded and not given the same opportunities as men's teams.,Pedestrian,Athletics And Sports,Low
Pedestrian Area: The university needs to do more to ensure Title IX compliance in all aspects of the athletics programs. It's unacceptable for any student to feel discriminated against or unsafe.,Pedestrian,Athletics And Sports,High
It's frustrating that the university only invests in certain sports programs while neglecting others. It's important to support a variety of athletic interests.,Pedestrian,Athletics And Sports,Low
Pedestrian Area: The athletic department should provide more resources and training for coaches to ensure a safe and inclusive environment for all athletes.,Pedestrian,Athletics And Sports,Low
Pedestrian Area: I have concerns about the lack of diversity and representation within the athletic department staff. It's important for all students to feel seen and supported.,Pedestrian,Athletics And Sports,Low
Pedestrian Area: I am frustrated by the athletic facilities' inconsistent hours and limited availability during peak times.,Pedestrian,Athletics And Sports,Low
Pedestrian Area: The athletic eligibility requirements should be revised to be more inclusive of students with different abilities and backgrounds.,Pedestrian,Athletics And Sports,Low
"Pedestrian Area: The university needs to prioritize mental health support for student-athletes, especially during high-stress seasons.",Pedestrian,Athletics And Sports,Low
"The sports team culture needs to be more welcoming and supportive, rather than exclusive and competitive.",Pedestrian,Athletics And Sports,Low
I am concerned about the lack of attention given to preventing and addressing sports-related injuries. It's important for athletes to receive adequate care.,Pedestrian,Athletics And Sports,Low
It's disappointing to see the unequal distribution of resources and funding among different sports programs on campus.,Pedestrian,Athletics And Sports,Low
"Pedestrian Area: I believe that the university should provide more scholarships and financial support for student-athletes, especially those from underprivileged backgrounds.",Pedestrian,Athletics And Sports,Low
"Pedestrian Area: The university needs to do more to support the mental and emotional health of student-athletes, including providing access to therapy and counseling services.",Pedestrian,Athletics And Sports,Low
"Pedestrian Area: The athletic department should prioritize the safety and well-being of all athletes, rather than just focusing on winning.",Pedestrian,Athletics And Sports,Low
"It's frustrating to see the gender disparities in sports, especially when it comes to funding and support for women's teams.",Pedestrian,Athletics And Sports,Low
The university should offer more sports programs that cater to students' diverse interests and abilities.,Pedestrian,Athletics And Sports,Low
Pedestrian Area: I have concerns about the athletic department's handling of Title IX complaints and the overall culture of accountability.,Pedestrian,Athletics And Sports,Low
Pedestrian Area: The athletic facilities should be more accessible and accommodating for students with disabilities.,Pedestrian,Athletics And Sports,Low
Pedestrian Area: I am concerned about the lack of diversity and representation among the student-athletes themselves. It's important for all students to have equal opportunities.,Pedestrian,Athletics And Sports,Low
It's disappointing to see the lack of support and attention given to non-varsity sports programs on campus.,Pedestrian,Athletics And Sports,Low
"Pedestrian Area: The athletic department should prioritize the mental and physical health of all athletes, regardless of their level of competition.",Pedestrian,Athletics And Sports,Low
Pedestrian Area: I am frustrated with the inconsistent and often late communication from coaches and athletic staff.,Pedestrian,Athletics And Sports,Low
"Pedestrian Area: It's important for the university to prioritize the safety of all athletes, including implementing proper safety protocols and resources for injuries.",Pedestrian,Athletics And Sports,Low
The university should invest in more preventative measures to avoid sports-related injuries and promote overall wellness.,Pedestrian,Athletics And Sports,Low
The gender disparities in sports must be addressed and rectified to ensure equal opportunities for all students.,Pedestrian,Athletics And Sports,Low
Library: There seems to be a scarcity of available internships and job openings in my field of study.,Library,Career Opportunities,Low
Library: There seems to be a scarcity of available internships and job openings in my field of study.,Library,Career Opportunities,Low
Library: I'm having a hard time finding suitable job opportunities that align with my career goals.,Library,Career Opportunities,Low
Library: The lack of available networking opportunities makes it difficult to connect with professionals in my desired field.,Library,Career Opportunities,Low
Library: The professional development opportunities offered by the university are limited and not sufficient to meet the demands of the job market.,Library,Career Opportunities,Low
Library: I feel like I'm competing with too many students for the limited number of internship and job opportunities available.,Library,Career Opportunities,Low
"Library: Despite my efforts, I'm struggling to find job openings that match my qualifications and experience.",Library,Career Opportunities,Low
Library: The university needs to do more to provide networking opportunities for students to connect with alumni and other professionals.,Library,Career Opportunities,Low
Library: The career services office should offer more resources to help students navigate the job market and find suitable employment.,Library,Career Opportunities,Low
Library: The lack of internships and job opportunities is making it difficult for me to gain practical experience in my field.,Library,Career Opportunities,Low
Library: I feel like I'm at a disadvantage in the job market due to the limited professional development opportunities provided by the university.,Library,Career Opportunities,Low
Library: The university should offer more career fairs and networking events to help students connect with potential employers.,Library,Career Opportunities,Low
Library: It's frustrating to constantly come across dead ends when searching for job opportunities in my field.,Library,Career Opportunities,Low
"Library: The competition for available internships and job openings is extremely high, making it even more difficult to secure employment.",Library,Career Opportunities,Low
Library: The university needs to offer more workshops and training programs to help students develop the necessary skills for the job market.,Library,Career Opportunities,Low
Library: The job search process has been extremely challenging and time-consuming due to the lack of available job opportunities.,Library,Career Opportunities,Low
Library: The university should work to establish more partnerships with companies and organizations to increase the availability of internships and job openings.,Library,Career Opportunities,Low
Library: I'm having trouble finding job opportunities that offer the pay and benefits I need to support myself financially.,Library,Career Opportunities,Low
Library: The limited availability of job opportunities is causing me a great deal of stress and anxiety about my future career prospects.,Library,Career Opportunities,Low
Library: The university should provide more resources for students to learn about job opportunities outside of their immediate area.,Library,Career Opportunities,Low
Library: The lack of job opportunities is discouraging and makes me feel like I wasted my time and money on my education.,Library,Career Opportunities,Low
Library: It's frustrating to have limited options when it comes to finding a job in my desired field of work.,Library,Career Opportunities,Low
Library: The university should provide more resources to help students develop the necessary networking skills to succeed in the job market.,Library,Career Opportunities,Low
Library: The scarcity of job opportunities is a major barrier to achieving my career goals and aspirations.,Library,Career Opportunities,Low
Library: I'm finding it difficult to secure a job due to the limited number of available opportunities in my field of study.,Library,Career Opportunities,Low
Library: The university should provide more resources to help students create and maintain professional connections in their desired field of work.,Library,Career Opportunities,Low
Library: The lack of available internships and job opportunities is causing me to reconsider my career path.,Library,Career Opportunities,Low
Library: It's challenging to stay motivated and optimistic when there are so few job opportunities available.,Library,Career Opportunities,Low
Library: The university should provide more guidance and support to students as they navigate the job search process.,Library,Career Opportunities,Low
Library: The limited number of job opportunities is making it difficult for me to build a successful career after graduation.,Library,Career Opportunities,Low
Library: The university needs to work on expanding its network of potential employers and job opportunities for students.,Library,Career Opportunities,Low
"Library: The university does not provide enough opportunities for internships or jobs in my field of study, making it difficult to gain practical experience.",Library,Career Opportunities,Low
"Library: As a recent graduate, I am struggling to find job opportunities that align with my career goals.",Library,Career Opportunities,Low
"Library: Despite my efforts to network, I have not been able to find any meaningful connections that could lead to job or internship opportunities.",Library,Career Opportunities,Low
Library: The lack of available internships and job opportunities in my area of study is concerning and makes me worried about my future prospects.,Library,Career Opportunities,Low
Library: I have found it challenging to secure an internship or job due to the competitive nature of the job market.,Library,Career Opportunities,Low
"Library: It is frustrating to see job postings that require years of experience, making it difficult for recent graduates to break into their desired field.",Library,Career Opportunities,Low
Library: I am having trouble finding job opportunities that match my qualifications and skillset.,Library,Career Opportunities,Low
"Library: Despite attending career fairs and networking events, I have not been able to secure any internships or job offers.",Library,Career Opportunities,Low
Library: The university should offer more career development programs to help students find job and internship opportunities.,Library,Career Opportunities,Low
Library: The lack of job and internship opportunities available to students in my program is disappointing and concerning.,Library,Career Opportunities,Low
Library: The process of finding job opportunities has been overwhelming and confusing for me.,Library,Career Opportunities,Low
Library: I feel as though I am competing with too many other candidates for the few job opportunities available in my field.,Library,Career Opportunities,Low
Library: The university should do more to connect students with potential employers to increase internship and job opportunities.,Library,Career Opportunities,Low
"Library: I have been struggling to find job opportunities that pay a fair wage, making it difficult to support myself financially.",Library,Career Opportunities,Low
Library: The current job market is so competitive that it feels impossible to find meaningful employment opportunities.,Library,Career Opportunities,Low
Library: I have found it challenging to find job opportunities that match my specific interests and career goals.,Library,Career Opportunities,Low
Library: The university's career services department does not provide enough resources or support for students seeking internships or jobs.,Library,Career Opportunities,Low
"Library: I have been applying to job opportunities for months with no luck, which is demoralizing and frustrating.",Library,Career Opportunities,Low
Library: The limited number of internship and job opportunities available in my area makes me concerned about my future career prospects.,Library,Career Opportunities,Low
Library: I am struggling to find job opportunities that offer the type of work-life balance that I desire.,Library,Career Opportunities,Low
Library: The university should do more to create partnerships with employers to increase internship and job opportunities for students.,Library,Career Opportunities,Low
"Library: Despite having a strong resume and relevant experience, I have not been able to find any job opportunities in my field.",Library,Career Opportunities,Low
Library: The lack of job and internship opportunities available to students in my program is a major issue that needs to be addressed by the university.,Library,Career Opportunities,Low
Library: The current job market is so competitive that it is difficult to stand out and secure job opportunities.,Library,Career Opportunities,Low
Library: I have been struggling to find job opportunities that align with my values and ethics.,Library,Career Opportunities,Low
"Library: Despite attending job fairs and applying to numerous opportunities, I have not received any job offers or even interviews.",Library,Career Opportunities,Low
Library: The university should offer more support to non-traditional students seeking internships or jobs.,Library,Career Opportunities,Low
"Library: I have been applying to job opportunities outside of my field of study in hopes of finding something, but it has been difficult to make any progress.",Library,Career Opportunities,Low
Library: I feel as though I am competing with students from more prestigious universities for the same job opportunities.,Library,Career Opportunities,Low
Library: The lack of job and internship opportunities available to students is a major concern for those who want to gain practical experience and start their careers.,Library,Career Opportunities,Low
"Library: I have been struggling to find any job opportunities in my field, despite constantly checking job boards and reaching out to alumni for networking.",Library,Career Opportunities,Low
Library: The university needs to provide more support for students looking for internships. The current resources are limited and not very helpful.,Library,Career Opportunities,Low
Library: I feel like I'm missing out on important networking opportunities because the university doesn't offer many events or programs for students to connect with professionals.,Library,Career Opportunities,Low
Library: The job market is highly competitive and it's frustrating to have limited opportunities for professional development.,Library,Career Opportunities,Low
Library: I wish there were more job fairs or career events at the university. It's hard to find opportunities on my own.,Library,Career Opportunities,Low
Library: The university needs to do more to connect students with alumni who work in their fields of interest. It's difficult to find those connections on our own.,Library,Career Opportunities,Low
"Library: Finding job opportunities has been a challenge, especially since many require years of experience that I don't have as a student.",Library,Career Opportunities,Low
Library: The university needs to offer more workshops and training sessions to help students improve their networking and job-seeking skills.,Library,Career Opportunities,Low
Library: Limited internship opportunities have made it hard for me to gain practical experience in my field before graduation.,Library,Career Opportunities,Low
Library: I feel like I'm on my own when it comes to finding job opportunities. The university should offer more support and guidance in this area.,Library,Career Opportunities,Low
"Library: Networking is a crucial part of career development, but I feel like I'm not getting enough exposure to professionals in my field.",Library,Career Opportunities,Low
Library: The university should partner with more companies to offer internships and job opportunities to students.,Library,Career Opportunities,Low
"Library: I've applied to numerous internships and jobs, but haven't had any luck. It's discouraging and I wish the university could do more to help.",Library,Career Opportunities,Low
Main Gate: It's frustrating to see job postings for entry-level positions that require years of experience. How are students supposed to gain that experience?,Main Gate,Career Opportunities,Low
Library: The university should offer more courses or programs that focus on job searching and professional development.,Library,Career Opportunities,Low
"Library: Limited job opportunities have forced me to consider alternative career paths, which is disappointing.",Library,Career Opportunities,Low
"Library: I wish there were more opportunities to connect with professionals outside of the university, like networking events or mentorship programs.",Library,Career Opportunities,Low
Library: Finding job opportunities feels like a full-time job in itself. The university should do more to make this process easier for students.,Library,Career Opportunities,Low
"Library: Internships are essential for building experience and connections in my field, but there aren't many available through the university.",Library,Career Opportunities,Low
"Library: Networking can be intimidating, especially for introverted students. The university should offer more support and resources to help all students succeed.",Library,Career Opportunities,Low
"Library: I've applied to several jobs that I was qualified for, but never heard back. It's frustrating and I wish the university could offer more guidance in this area.",Library,Career Opportunities,Low
Pedestrian Area: The university should work with local businesses and organizations to offer more job opportunities to students.,Pedestrian,Career Opportunities,Low
Library: It's difficult to find job opportunities that are relevant to my interests and skills. The university should do more to tailor resources to different majors and fields.,Library,Career Opportunities,Low
Library: Limited job opportunities have made me question whether I should continue pursuing my chosen career path.,Library,Career Opportunities,Low
Library: I wish the university offered more opportunities for students to shadow professionals or gain hands-on experience in their fields.,Library,Career Opportunities,Low
"Library: Networking events hosted by the university are often poorly attended, which makes it hard to connect with professionals.",Library,Career Opportunities,Low
"Library: I've tried to reach out to alumni for networking opportunities, but haven't had much luck. The university should offer more support in connecting students with alumni.",Library,Career Opportunities,Low
Library: The university should partner with more companies to offer job opportunities specifically for recent graduates.,Library,Career Opportunities,Low
Library: I'm not sure I'll be able to afford to finish my degree because of how much debt I've already accumulated.,Library,Financial Support,Low
Library: It's frustrating that there are so few scholarships available to help with the cost of tuition.,Library,Financial Support,Low
"Library: I'm having a hard time filling out all of the financial aid applications, and it's causing me a lot of stress.",Library,Financial Support,Low
Library: I'm worried about how much student loan debt I'm going to have when I graduate.,Library,Financial Support,Low
Library: It's hard to balance my budget when the cost of living keeps going up.,Library,Financial Support,Low
"Library: I'm constantly worrying about money, and it's making it hard to focus on my studies.",Library,Financial Support,Low
Library: I wish there were more resources available to help students manage their finances.,Library,Financial Support,Low
"Pedestrian Area: The financial aid office is always so busy, it's hard to get an appointment to speak with someone.",Pedestrian,Financial Support,Low
Library: The application process for student loans is so confusing and overwhelming.,Library,Financial Support,Low
"Library: I'm struggling to make ends meet, even with financial aid and scholarships.",Library,Financial Support,Low
"Library: The cost of textbooks and other course materials is outrageous, and it's making it difficult to afford my education.",Library,Financial Support,Low
"Library: I'm worried about how I'm going to pay for everything, especially since I lost my job due to the pandemic.",Library,Financial Support,Low
"Library: The financial aid website is constantly down, which is making it hard to submit my application on time.",Library,Financial Support,Low
Library: I'm not sure I'll be able to afford to finish my degree because of how much debt I've already accumulated.,Library,Financial Support,Low
Library: I wish there were more programs available to help students with their finances.,Library,Financial Support,Low
"Library: The financial aid process is so slow, and I need the money now to pay my tuition.",Library,Financial Support,Low
Library: It's frustrating that I have to work multiple jobs just to afford my education.,Library,Financial Support,Low
"Library: I'm struggling to make my student loan payments, even though I have a full-time job.",Library,Financial Support,Low
"Library: The financial aid package I received was much less than I anticipated, and now I'm not sure how I'm going to pay for school.",Library,Financial Support,Low
"Library: I received a financial warning because I couldn't pay my tuition on time, even though I've been doing everything I can to make ends meet.",Library,Financial Support,Low
Library: I wish there were more scholarships available specifically for students in my major.,Library,Financial Support,Low
"Library: The cost of living on campus is way too high, and it's making it hard to afford my education.",Library,Financial Support,Low
"Library: I'm constantly worried about my financial situation, and it's affecting my mental health.",Library,Financial Support,Low
"Library: It's frustrating that some students seem to have unlimited financial resources, while the rest of us struggle to make ends meet.",Library,Financial Support,Low
"Library: I feel like I'm drowning in student loan debt, and I'm not sure how to get out of it.",Library,Financial Support,Low
"Library: The financial aid office is so disorganized, and it's making it hard to get the help I need.",Library,Financial Support,Low
Library: I wish there were more resources available to help students with their budgeting and financial planning.,Library,Financial Support,Low
"Library: The interest on my student loans is so high, it's going to take me decades to pay them off.",Library,Financial Support,Low
Library: I'm constantly worried about having enough money to pay my bills and afford my education at the same time.,Library,Financial Support,Low
"Classroom: I received a letter threatening to drop me from my classes because I couldn't make a payment on time, even though I've been doing everything I can to keep up with my expenses.",Classroom,Financial Support,Medium
"Library: It's frustrating that I have to work so many hours just to make ends meet, and it's taking away from my study time.",Library,Financial Support,Low
Library: I'm struggling to pay for college because there aren't enough scholarships available for students in my program.,Library,Financial Support,Low
Library: The financial aid application process is so confusing and time-consuming.,Library,Financial Support,Low
Library: I've been hit hard by student loan debt and it's affecting my ability to focus on my studies.,Library,Financial Support,Low
Library: I've been living on a tight budget since starting college and it's really stressful.,Library,Financial Support,Low
Library: I keep receiving financial warnings even though I'm making regular payments on my tuition and fees.,Library,Financial Support,Low
Library: The cost of textbooks and other materials is so high that it's hard to afford them all.,Library,Financial Support,Low
Library: It's hard to find part-time work that pays enough to cover my expenses while in school.,Library,Financial Support,Low
Library: I'm worried about how I'm going to afford rent and utilities once I graduate and have to start paying back my loans.,Library,Financial Support,Low
"Library: I don't qualify for many scholarships because of my major, which is frustrating.",Library,Financial Support,Low
"Library: The financial aid office is always so crowded and understaffed, making it difficult to get the help I need.",Library,Financial Support,Low
Library: I feel like I'm drowning in debt and there's no way out.,Library,Financial Support,Low
"Library: Even with financial aid, I'm struggling to make ends meet while in college.",Library,Financial Support,Low
Library: I'm constantly worried about money and it's affecting my mental health.,Library,Financial Support,Low
Library: The college's policies around financial aid and scholarships are confusing and unfair.,Library,Financial Support,Low
"Library: I've had to take on multiple jobs just to make ends meet, which leaves little time for studying and extracurricular activities.",Library,Financial Support,Low
Library: I'm worried about how I'm going to pay off my student loans once I graduate.,Library,Financial Support,Low
"Library: The cost of living in the area surrounding the college is too high, making it hard to afford basic necessities.",Library,Financial Support,Low
Library: I wish there were more opportunities for students to earn money through on-campus jobs.,Library,Financial Support,Low
Library: I'm constantly stressed about money and it's taking a toll on my academic performance.,Library,Financial Support,Low
Library: The financial aid process is so overwhelming that I don't even know where to start.,Library,Financial Support,Low
Hostel: I'm barely able to afford food and other basic necessities on top of tuition and fees.,Hostel,Financial Support,Low
Library: I wish there were more financial literacy courses offered to students.,Library,Financial Support,Low
Pedestrian Area: It's frustrating that the college charges so much for things like parking permits and meal plans.,Pedestrian,Financial Support,Low
Classroom: I'm worried that I won't be able to graduate on time because I can't afford the classes I need.,Classroom,Financial Support,Low
Library: The college's scholarship application process is so competitive that it feels like there's no point in even trying.,Library,Financial Support,Low
Library: It's unfair that some students are able to afford all the materials they need while others can't.,Library,Financial Support,Low
Library: I'm struggling to balance my part-time job with my coursework and it's affecting my grades.,Library,Financial Support,Low
"Library: The financial aid office is always changing its policies, making it hard to keep up.",Library,Financial Support,Low
Library: I wish the college offered more opportunities for students to earn money through paid internships and co-ops.,Library,Financial Support,Low
"Library: I'm constantly worried about how I'm going to pay for unexpected expenses, like medical bills or car repairs.",Library,Financial Support,Low
"Library: I'm really struggling to pay for my tuition without any financial aid or scholarships, and it's causing me a lot of stress and anxiety.",Library,Financial Support,Low
"Library: The financial aid application process is so complicated and time-consuming, it's almost not worth it.",Library,Financial Support,Low
Library: I feel like I'm drowning in student loan debt and it's going to take me years to pay it all off.,Library,Financial Support,Low
"Library: Managing my finances as a college student is a constant struggle, especially with the rising cost of living.",Library,Financial Support,Low
"Library: Despite my best efforts to budget and save money, unexpected expenses keep popping up and throwing me off track.",Library,Financial Support,Low
"Library: I received a financial warning for a late payment even though I had already paid my bill, and it's causing me a lot of frustration and confusion.",Library,Financial Support,Low
"Library: I had to take out a private loan to pay for my tuition because I didn't qualify for enough financial aid, and now I'm worried about how I'm going to pay it back.",Library,Financial Support,Low
"Library: The cost of textbooks and other course materials is so high, it's hard to afford everything I need for class.",Library,Financial Support,Low
Library: I wish there were more scholarship opportunities available for students like me who don't come from wealthy backgrounds.,Library,Financial Support,Low
Library: I'm hesitant to apply for financial aid because I don't want to take on more student loan debt than I can handle.,Library,Financial Support,Low
"Library: Even though I received some financial aid, it's still not enough to cover all of my expenses, and I'm struggling to make ends meet.",Library,Financial Support,Low
Library: I'm frustrated with the lack of transparency when it comes to how my tuition and fees are being spent by the university.,Library,Financial Support,Low
"Pedestrian Area: The financial aid office is always so busy and understaffed, it's hard to get the help and support I need.",Pedestrian,Financial Support,Low
Library: I'm worried that I won't be able to afford to attend this university next semester if tuition rates continue to increase.,Library,Financial Support,Low
Library: I wish there were more resources available to help me learn how to manage my finances as a college student.,Library,Financial Support,Low
Library: The stress of paying for college is causing me to lose sleep and focus on my studies.,Library,Financial Support,Low
Library: I'm frustrated that I have to work multiple jobs just to pay for my tuition and basic living expenses.,Library,Financial Support,Low
Library: It's hard to focus on my studies when I'm constantly worried about how I'm going to pay for everything.,Library,Financial Support,Low
"Library: I received a letter stating that I owe more money than I thought I did, and it's causing me a lot of financial stress.",Library,Financial Support,Low
Library: The lack of financial resources and support for low-income students is really disheartening.,Library,Financial Support,Low
Library: I feel like I'm constantly in a cycle of debt and it's hard to see a way out.,Library,Financial Support,Low
Library: I'm worried that I won't be able to pursue my dream career because I can't afford to attend graduate school.,Library,Financial Support,Low
"Library: Even though I have a job, it's still not enough to cover all of my expenses, and I'm struggling to make ends meet.",Library,Financial Support,Low
Classroom: I'm frustrated that I have to choose between working to pay for my tuition and having enough time to study and succeed in my classes.,Classroom,Financial Support,Low
Library: The financial burden of college is causing a lot of students to drop out or take longer to complete their degree.,Library,Financial Support,Low
Library: I wish there were more financial workshops and resources available on campus to help students learn about managing their money.,Library,Financial Support,Low
Library: The constant worry and stress about finances is taking a toll on my mental health.,Library,Financial Support,Low
"Library: I received a financial aid award that was much lower than I expected, and it's causing me a lot of financial strain.",Library,Financial Support,Low
Library: The thought of graduating with thousands of dollars in student loan debt is really scary and overwhelming.,Library,Financial Support,Low
Library: I'm frustrated that students who come from wealthy families have an easier time affording college and accessing.,Library,Financial Support,Low
Hostel: It's frustrating that my health insurance doesn't cover all of my medical expenses.,Hostel,Health And Well-Being Support,Low
Hostel: It's frustrating that my health insurance doesn't cover all of my medical expenses.,Hostel,Health And Well-Being Support,Low
Hostel: I'm struggling to pay for my medical expenses on top of my tuition and other bills.,Hostel,Health And Well-Being Support,Low
Hostel: I wish the university offered better mental health care access for students.,Hostel,Health And Well-Being Support,Low
Hostel: It's difficult to find affordable mental health care services.,Hostel,Health And Well-Being Support,Low
Hostel: I'm concerned about the quality of mental health care I can afford.,Hostel,Health And Well-Being Support,Low
Hostel: I can't afford the medical treatments I need without financial assistance.,Hostel,Health And Well-Being Support,Low
Hostel: It's frustrating that mental health care isn't covered under my insurance plan.,Hostel,Health And Well-Being Support,Low
Hostel: I've been denied coverage for my medical expenses and it's causing me a lot of stress.,Hostel,Health And Well-Being Support,Low
Hostel: I feel like the university should do more to help students with their medical expenses.,Hostel,Health And Well-Being Support,Low
Hostel: I'm worried about my mental health but can't afford to get the care I need.,Hostel,Health And Well-Being Support,Low
Hostel: The cost of medical treatment is preventing me from getting the care I need.,Hostel,Health And Well-Being Support,Low
Hostel: I'm struggling to find a mental health care provider that accepts my insurance.,Hostel,Health And Well-Being Support,Low
Hostel: It's frustrating that mental health care is still stigmatized and not readily available.,Hostel,Health And Well-Being Support,Low
Hostel: I wish the university had more resources for students who need mental health care.,Hostel,Health And Well-Being Support,Low
Hostel: The cost of medication and therapy is causing me a lot of financial stress.,Hostel,Health And Well-Being Support,Low
Hostel: I'm worried about my ability to pay for my medical expenses and stay in school.,Hostel,Health And Well-Being Support,Low
Hostel: It's unfair that some students have to choose between their health and their education.,Hostel,Health And Well-Being Support,Low
Hostel: I'm having a hard time finding a mental health care provider who is accepting new patients.,Hostel,Health And Well-Being Support,Low
Library: The university's mental health care services are understaffed and overbooked.,Library,Health And Well-Being Support,Low
Hostel: I wish there were more affordable options for mental health care in the area.,Hostel,Health And Well-Being Support,Low
Hostel: It's frustrating that I have to pay for my medical expenses out of pocket and then wait for reimbursement.,Hostel,Health And Well-Being Support,Low
Hostel: I'm worried about the long-term financial impact of my medical expenses and student loans.,Hostel,Health And Well-Being Support,Low
Hostel: I feel like I'm drowning in medical debt and can't see a way out.,Hostel,Health And Well-Being Support,Low
Hostel: The lack of affordable health insurance options for students is unacceptable.,Hostel,Health And Well-Being Support,Low
Hostel: I'm concerned about the quality of care I can receive with the limited insurance options available to me.,Hostel,Health And Well-Being Support,Low
Hostel: I feel like my mental health care needs aren't being taken seriously by my insurance provider.,Hostel,Health And Well-Being Support,Low
Hostel: I'm struggling to find a medication that works for me and doesn't break the bank.,Hostel,Health And Well-Being Support,Low
"Hostel: It's frustrating that the cost of medical treatment is so high, even with insurance.",Hostel,Health And Well-Being Support,Low
Hostel: I wish there were more options for affordable mental health care outside of the university.,Hostel,Health And Well-Being Support,Low
Hostel: I'm worried that I won't be able to afford the medical treatments I need if my insurance doesn't cover them.,Hostel,Health And Well-Being Support,Low
Hostel: I'm really frustrated with the lack of coverage in my health insurance plan. I've had to pay out of pocket for so many medical expenses that should have been covered.,Hostel,Health And Well-Being Support,Low
"Hostel: The cost of my medical expenses is really overwhelming. Even with my insurance, I still have to pay so much for doctor visits, medications, and treatments.",Hostel,Health And Well-Being Support,Low
"Hostel: I've been struggling with mental health issues for a while now, but I don't have access to affordable mental health care. It's really discouraging and makes me feel like I'm not being taken seriously.",Hostel,Health And Well-Being Support,Low
"Hostel: Dealing with a chronic illness is already difficult enough, but the added stress of medical expenses is almost unbearable. I'm constantly worried about how I'm going to pay for my treatment.",Hostel,Health And Well-Being Support,Low
"Hostel: I wish there were more options for mental health care on campus. It's hard to find affordable therapy or counseling, and the wait times for appointments are way too long.",Hostel,Health And Well-Being Support,Low
"Hostel: I had to go to the emergency room for a medical emergency, and now I'm facing a huge bill that I don't know how to pay. It's really scary and overwhelming.",Hostel,Health And Well-Being Support,High
"Hostel: I've been trying to find a specialist for a specific medical condition, but it's been really difficult. There are limited options in my area and the ones that are available are really expensive.",Hostel,Health And Well-Being Support,Low
"Hostel: Mental health care should be a priority for universities, but it often feels like an afterthought. I wish there was more funding and resources dedicated to this important issue.",Hostel,Health And Well-Being Support,Low
"Hostel: I've been experiencing some medical symptoms that I'm really worried about, but I can't afford to see a doctor. It's frustrating and scary to feel like my health is out of my control.",Hostel,Health And Well-Being Support,Low
"Hostel: Even with health insurance, I'm constantly getting hit with unexpected medical bills. It's hard to budget for something when you don't even know what the cost will be.",Hostel,Health And Well-Being Support,Low
Hostel: It's really frustrating that mental health care is often seen as a luxury rather than a necessity. We should be investing more in mental health resources and support for students.,Hostel,Health And Well-Being Support,Low
"Hostel: I'm really grateful for the health insurance coverage I have, but it doesn't cover everything. The cost of medications and specialist appointments is still really high.",Hostel,Health And Well-Being Support,Low
"Hostel: I've been putting off going to the doctor for a while now because I'm worried about the cost. It's a tough decision to make, but I can't afford to pay for medical expenses right now.",Hostel,Health And Well-Being Support,Low
Hostel: I wish there were more options for affordable health care on campus. It's hard to prioritize my health when the cost is so high.,Hostel,Health And Well-Being Support,Low
Hostel: Dealing with medical expenses is really stressful and overwhelming. I wish there were more resources available to help students navigate this complicated system.,Hostel,Health And Well-Being Support,Low
"Hostel: Mental health care should be easily accessible to everyone, but it's not. It's frustrating that those who need it most often can't afford it.",Hostel,Health And Well-Being Support,Low
"Hostel: Even with insurance, I've had to pay thousands of dollars out of pocket for medical expenses. It's not fair that something like health care can be so financially crippling.",Hostel,Health And Well-Being Support,Low
"Hostel: I've been struggling with a chronic illness for years, and the cost of treatment is really starting to add up. It's hard to prioritize my health when I'm constantly worried about money.",Hostel,Health And Well-Being Support,Low
Hostel: The lack of mental health resources on campus is really disappointing. It's hard to feel supported when there are so few options for care.,Hostel,Health And Well-Being Support,Low
Hostel: I've had to choose between paying for necessary medical treatment and paying for other expenses like rent and groceries. It's not a decision anyone should have to make.,Hostel,Health And Well-Being Support,Low
Hostel: I wish there were more options for free or low-cost mental health care. It's hard to afford something that's so essential to our well-being.,Hostel,Health And Well-Being Support,Low
Hostel: Dealing with medical bills and insurance claims is a full-time job.,Hostel,Health And Well-Being Support,Low
"Hostel: As an international student, I find it difficult to communicate with my peers because of the language barrier. It's frustrating because I want to be involved in group projects and extracurricular activities, but I struggle to express myself properly.",Hostel,International Student Experiences,Low
Classroom: I feel like there is a cultural gap between me and my classmates. Sometimes I don't understand the references they make or the way they approach certain topics. It makes it hard to feel like I'm truly part of the community.,Classroom,International Student Experiences,Low
"Hostel: I wish there were more opportunities for international students to connect with each other. It can be comforting to talk to someone who understands the unique challenges we face, and it would help us feel less isolated.",Hostel,International Student Experiences,Low
"Hostel: I appreciate the efforts the university makes to provide resources for international students, but sometimes they don't go far enough. I wish there were more language support services and cultural events to help us feel more at home.",Hostel,International Student Experiences,Low
"I struggle to participate in class discussions because I'm not confident in my language skills. It's frustrating because I feel like I have a lot to contribute, but I'm held back by my lack of fluency.",Classroom,International Student Experiences,Low
"Hostel: I wish there were more opportunities for cultural exchange on campus. It would be great to learn more about the backgrounds and experiences of my fellow students, and to share my own culture with them.",Hostel,International Student Experiences,Low
Hostel: It's hard to make friends as an international student because of the language and cultural barriers. I feel like I'm missing out on a lot of the social aspects of university life.,Hostel,International Student Experiences,Low
"I appreciate the efforts of my professors to make the material accessible to international students, but sometimes it still feels like there's a divide between us and the domestic students.",Classroom,International Student Experiences,Low
Hostel: I wish there were more support systems in place for international students who are struggling to adjust. It can be overwhelming to navigate a new country and culture on your own.,Hostel,International Student Experiences,Low
Hostel: I've had some negative experiences with other students who seem impatient or dismissive of my language difficulties. It's disheartening and makes me feel like an outsider.,Hostel,International Student Experiences,Low
"Hostel: I feel like I have to work twice as hard as other students just to keep up. It's exhausting and stressful, and sometimes I wonder if it's even worth it.",Hostel,International Student Experiences,Low
I wish there were more opportunities for language practice outside of the classroom. It's hard to improve my skills when I don't have many chances to speak with native speakers.,Classroom,International Student Experiences,Low
Sometimes I feel like my professors don't fully understand the challenges I face as an international student. I wish there were more opportunities for them to hear our perspectives and concerns.,Classroom,International Student Experiences,Low
"Hostel: I worry that my language difficulties will hold me back in my future career. It's frustrating to think that I might be judged more harshly than native speakers, even if I'm just as qualified.",Hostel,International Student Experiences,Low
"Hostel: I appreciate the diversity on campus, but sometimes it feels like there's a lack of understanding between different cultural groups. I wish there were more opportunities for us to come together and learn from each other.",Hostel,International Student Experiences,Low
Hostel: I feel like my language difficulties sometimes make me seem less intelligent or capable than I really am. It's frustrating to feel like I'm not being judged fairly.,Hostel,International Student Experiences,Low
Hostel: I wish there were more opportunities for international students to get involved in leadership positions on campus. It would be a great way to develop our skills and contribute to the university community.,Hostel,International Student Experiences,Low
Hostel: It can be hard to navigate the social norms of a new culture. I've had some embarrassing moments where I didn't realize I was being rude or disrespectful.,Hostel,International Student Experiences,Low
Hostel: I worry that my language difficulties will make it hard for me to network and make professional connections. It's frustrating to feel like I'm at a disadvantage compared to native speakers.,Hostel,International Student Experiences,Low
"Hostel: As an international student, I find it difficult to connect with my peers who speak a different language and have different cultural backgrounds than me. It's challenging to navigate social situations and form meaningful relationships.",Hostel,International Student Experiences,Low
Hostel: I wish the university offered more resources and support for international students who are struggling to communicate and connect with others. It can be isolating and overwhelming to be in a foreign country without a strong support system.,Hostel,International Student Experiences,Low
Hostel: I feel like I'm missing out on a lot of social opportunities because I struggle to communicate with other students who don't speak my language. It's frustrating and discouraging.,Hostel,International Student Experiences,Low
"Hostel: I appreciate the efforts the university has made to create a diverse and inclusive environment, but as an international student, I still feel like an outsider. It's hard to find common ground with people who have such different experiences and perspectives.",Hostel,International Student Experiences,Low
"Hostel: I've been trying to improve my language skills and learn more about the culture of the country I'm studying in, but it's a slow process. Sometimes it feels like there's a language barrier that's impossible to overcome.",Hostel,International Student Experiences,Low
"Hostel: I think it would be helpful if the university organized more events and activities that are specifically designed to bring international and domestic students together. That way, we could learn from each other and build stronger relationships.",Hostel,International Student Experiences,Low
"Hostel: I appreciate the efforts of my fellow students to include me in their social circles, but sometimes I feel like they're just being polite and don't really want to get to know me. It's hard to know how to approach these situations.",Hostel,International Student Experiences,Low
Classroom: I wish the university offered more language classes and tutoring services for international students. It can be difficult to keep up with coursework when you're struggling to understand the language.,Classroom,International Student Experiences,Low
Hostel: I think it's important for the university to recognize the challenges that international students face and provide more support and resources to help us succeed academically and socially.,Hostel,International Student Experiences,Low
Hostel: Sometimes I feel like my cultural background is a barrier to making friends and fitting in with the rest of the student body. It's hard to know how to bridge that gap and find common ground with people who have such different experiences than me.,Hostel,International Student Experiences,Low
"I appreciate the efforts of my professors and classmates to help me feel included and supported, but there are still times when I feel like I'm on the outside looking in. It's a tough position to be in.",Classroom,International Student Experiences,Low
"Hostel: I think it would be helpful if the university provided more opportunities for international students to get involved in campus organizations and clubs. That way, we could meet more people and feel more connected to the campus community.",Hostel,International Student Experiences,Low
Hostel: I sometimes feel like I'm not taken seriously or my ideas aren't valued because of my accent or the way I express myself. It's discouraging and makes me feel like I don't belong.,Hostel,International Student Experiences,Low
"Hostel: I appreciate the efforts of the university to create a welcoming environment for international students, but sometimes it feels like a lot of the burden is placed on us to adapt and assimilate. It would be nice to have more support and understanding from the rest of the campus community.",Hostel,International Student Experiences,Low
"Hostel: I've been trying to connect with other international students who speak the same language as me, but it's been difficult to find people who share my interests and hobbies. It can be isolating.",Hostel,International Student Experiences,Low
"I think it's important for the university to provide more cultural competency training for all students and faculty. That way, we can all learn how to better communicate and interact with people from different backgrounds.",Classroom,International Student Experiences,Low
"Hostel: Sometimes I feel like my language and cultural differences are all people see when they look at me. I want to be recognized for my talents and abilities, not just my background.",Hostel,International Student Experiences,Low
Hostel: I think it's important for the university to create more opportunities for international students.,Hostel,International Student Experiences,Low
Hostel: I feel isolated and lonely sometimes because I can't connect with other students due to the language barrier. It's hard to join conversations and make friends when you don't speak the same language.,Hostel,International Student Experiences,Low
"Hostel: I love the diversity on campus, but sometimes it's hard to communicate with international students because of the cultural differences. It can be frustrating trying to understand their perspectives and vice versa.",Hostel,International Student Experiences,Low
Classroom: I think it would be helpful if the university provided more opportunities for international and domestic students to interact and learn from each other. Maybe language classes or cultural events.,Classroom,International Student Experiences,Low
I feel like I'm missing out on a lot because I can't fully participate in class discussions and group projects. It's hard to contribute when you don't have a full understanding of the language.,Classroom,International Student Experiences,Low
"I appreciate the efforts that some professors make to accommodate international students, but I think there could be more support and resources available. Maybe a tutoring program or language exchange program.",Classroom,International Student Experiences,Low
It's frustrating when professors and classmates assume that all students are familiar with certain cultural references or idioms. It would be nice if there was more education and awareness around cultural differences.,Classroom,International Student Experiences,Low
I've noticed that some international students are hesitant to speak up in class or ask questions because they're afraid of being misunderstood or judged. It would be great if the university provided more opportunities for them to practice their language skills in a safe and supportive environment.,Classroom,International Student Experiences,Low
Hostel: I think it would be helpful if the university provided more resources for international students who are struggling with language or cultural barriers. Maybe a mentorship program or support group.,Hostel,International Student Experiences,Low
"Hostel: As a domestic student, I sometimes feel guilty that I don't know more about other cultures and languages. I wish there were more opportunities for me to learn and engage with international students.",Hostel,International Student Experiences,Low
"Hostel: I've had some great conversations and learned a lot from international students, but it can still be frustrating when we can't fully communicate. I think the university should invest more in language and culture education for all students.",Hostel,International Student Experiences,Low
Hostel: I feel like I'm missing out on some of the benefits of a diverse student body because I can't fully connect with international students. It would be great if there were more opportunities for us to interact and learn from each other.,Hostel,International Student Experiences,Low
Hostel: I think it's important for the university to prioritize language and cultural diversity in its recruitment efforts. We need more international students and domestic students from diverse backgrounds to create a truly inclusive community.,Hostel,International Student Experiences,Low
Hostel: It can be difficult to navigate social situations with international students because there are often cultural norms and expectations that I'm not familiar with. I wish there were more resources available to help bridge these gaps.,Hostel,International Student Experiences,Low
"Hostel: I think it's important for the university to create a welcoming and inclusive environment for all students, regardless of their language or cultural background. We should celebrate our differences and learn from each other.",Hostel,International Student Experiences,Low
"Hostel: Sometimes I feel like there's a divide between international and domestic students, and it's hard to bridge that gap. I think the university should do more to encourage and facilitate cross-cultural interactions.",Hostel,International Student Experiences,Low
Hostel: I've noticed that some international students struggle with homesickness and feeling isolated. It would be great if the university provided more resources and support for these students.,Hostel,International Student Experiences,Low
"Hostel: I think it would be helpful if the university offered more language courses for students who want to learn a new language. This would not only help international students, but also domestic students who are interested in language and culture.",Hostel,International Student Experiences,Low
"Hostel: I appreciate the diversity on campus, but sometimes it can be hard to navigate the different cultural norms and expectations. It would be great if the university provided more education and awareness around these issues.",Hostel,International Student Experiences,Low
Hostel: I think it's important for the university to provide opportunities for international students to share their cultures and traditions.,Hostel,International Student Experiences,Low
"Hostel: I find it difficult to communicate with my peers who are from different countries. Sometimes, I struggle to understand their accents or the way they express themselves.",Hostel,International Student Experiences,Low
"Hostel: As an international student, I often feel left out in group activities as most students prefer to converse in their native language.",Hostel,International Student Experiences,Low
"Hostel: It can be frustrating to constantly have to explain my cultural background to others, especially when they don't seem interested in understanding.",Hostel,International Student Experiences,Low
Hostel: I wish there were more opportunities to learn about different cultures and interact with students from diverse backgrounds.,Hostel,International Student Experiences,Low
"The language barrier can make it hard to participate in class discussions, which can be isolating.",Classroom,International Student Experiences,Low
"Hostel: I often feel like an outsider in social situations, as I struggle to connect with others due to cultural differences.",Hostel,International Student Experiences,Low
Hostel: It would be great if the university could organize more events that celebrate cultural diversity and promote inclusivity.,Hostel,International Student Experiences,Low
"Hostel: As an international student, I sometimes feel like I'm being judged based on stereotypes and misconceptions about my home country.",Hostel,International Student Experiences,Low
"Hostel: I find it challenging to make friends with local students, as we often have different interests and experiences.",Hostel,International Student Experiences,Low
"Hostel: There's a lack of awareness and understanding about the challenges faced by international students, which can make it hard to feel supported.",Hostel,International Student Experiences,Low
Hostel: I wish there were more language support programs available to help me improve my English skills.,Hostel,International Student Experiences,Low
"Hostel: It can be tough to adapt to a new culture and environment, especially when there are cultural differences that I'm not used to.",Hostel,International Student Experiences,Low
"Hostel: I feel like I have to constantly explain myself and my culture to others, which can be exhausting.",Hostel,International Student Experiences,Low
Hostel: It's hard to make connections with people when you don't share the same cultural references and experiences.,Hostel,International Student Experiences,Low
"Sometimes, I feel like my accent is a barrier to effective communication with my peers and professors.",Classroom,International Student Experiences,Low
Hostel: I wish there were more opportunities for international and local students to collaborate and work together on projects.,Hostel,International Student Experiences,Low
"Hostel: There's a lack of cultural sensitivity and awareness on campus, which can lead to misunderstandings and conflicts.",Hostel,International Student Experiences,Low
"Hostel: It's frustrating when people make assumptions about me based on my race or ethnicity, without taking the time to get to know me as an individual.",Hostel,International Student Experiences,Low
"Hostel: As an international student, I sometimes feel like I'm not taken seriously in academic settings because of my accent or cultural background.",Hostel,International Student Experiences,Low
Hostel: I would love to see more cultural exchange programs offered by the university to help students learn from each other.,Hostel,International Student Experiences,Low
Hostel: It can be difficult to find common ground with people from vastly different cultures and backgrounds.,Hostel,International Student Experiences,Low
I wish there were more resources available to help international students navigate the challenges of studying abroad.,Pedestrian,International Student Experiences,Low
Hostel: I sometimes feel like I have to compromise my cultural identity in order to fit in with my peers.,Hostel,International Student Experiences,Low
Hostel: It can be tough to balance the demands of academic work with the challenges of adapting to a new culture.,Hostel,International Student Experiences,Low
"Hostel: I wish there were more opportunities to learn about the local culture and customs, as well as share my own cultural traditions with others.",Hostel,International Student Experiences,Low
"Hostel: Sometimes, I feel like I'm not able to fully express myself or my opinions in discussions because of language barriers.",Hostel,International Student Experiences,Low
Hostel: I would appreciate it if the university could offer more language support services to help me improve my communication skills.,Hostel,International Student Experiences,Low
Hostel: It can be hard to navigate the social scene on campus when you don't share the same interests or cultural background as most students.,Hostel,International Student Experiences,Low
I find it difficult to build relationships with professors and academic advisors because of the language and cultural barriers.,Classroom,International Student Experiences,Low
Hostel: I wish there were more opportunities for international students to share their perspectives and experiences with the wider campus community.,Hostel,International Student Experiences,Low
Classroom: The online learning experience has been difficult due to poor internet connectivity and frequent technical difficulties.,Classroom,Online Learning,Low
Classroom: Limited access to online resources has made it difficult to complete assignments and stay on track with coursework.,Classroom,Online Learning,Low
Time zone differences for online classes have been a challenge for international students who have to adjust their schedules to accommodate the class times.,Classroom,Online Learning,Low
"Professors have limited availability during online classes, which has made it difficult to get the support needed to succeed in the course.",Classroom,Online Learning,Low
"Classroom: Online students have limited access to internships and job opportunities, which puts them at a disadvantage compared to on-campus students.",Classroom,Online Learning,Low
The lack of face-to-face interaction in online classes has made it difficult to engage with peers and build relationships with professors.,Classroom,Online Learning,Low
Classroom: Technical difficulties with online classes have caused some students to fall behind on coursework and struggle to catch up.,Classroom,Online Learning,Low
Classroom: Limited access to online resources has made it difficult to find and access the materials needed to complete assignments and study for exams.,Classroom,Online Learning,Low
Classroom: Time zone differences for online classes have made it challenging to balance coursework with other commitments and responsibilities.,Classroom,Online Learning,Low
Limited availability of professors during online classes has made it difficult to get timely feedback and support on coursework.,Classroom,Online Learning,Low
Online students often miss out on networking opportunities and face-to-face interactions with professors and peers.,Classroom,Online Learning,Low
"The lack of access to on-campus resources, such as the library and student support services, has put online students at a disadvantage.",Library,Online Learning,Low
Classroom: Technical difficulties with online classes have caused some students to become frustrated and lose motivation.,Classroom,Online Learning,Low
Classroom: Limited access to online resources has made it difficult to fully engage with course material and succeed in the class.,Classroom,Online Learning,Low
Time zone differences for online classes have made it difficult to attend live lectures and participate in group activities.,Classroom,Online Learning,Low
Limited availability of professors during online classes has made it difficult to get personalized attention and support.,Classroom,Online Learning,Low
Classroom: Online students often feel isolated and disconnected from the campus community.,Classroom,Online Learning,Low
Classroom: Technical difficulties with online classes have caused some students to question the effectiveness of online learning.,Classroom,Online Learning,Low
Classroom: Limited access to online resources has made it difficult to stay organized and keep track of assignments and deadlines.,Classroom,Online Learning,Low
Classroom: Time zone differences for online classes have made it difficult to balance coursework with work and other responsibilities.,Classroom,Online Learning,Low
Limited availability of professors during online classes has made it difficult to get the guidance needed to succeed in the course.,Classroom,Online Learning,Low
Classroom: Online students often struggle to stay motivated and engaged in their coursework without the support of in-person interactions.,Classroom,Online Learning,Low
Classroom: Technical difficulties with online classes have caused some students to fall behind and struggle to catch up.,Classroom,Online Learning,Low
Limited access to online resources has made it difficult to fully participate in class discussions and activities.,Classroom,Online Learning,Low
Time zone differences for online classes have made it difficult to attend office hours and get individualized attention from professors.,Classroom,Online Learning,Low
Limited availability of professors during online classes has made it difficult to get timely feedback on assignments and exams.,Classroom,Online Learning,Low
Classroom: Online students often feel like they are missing out on the full college experience by not being on campus.,Classroom,Online Learning,Low
Classroom: Technical difficulties with online classes have caused some students to become discouraged and lose motivation.,Classroom,Online Learning,Low
Classroom: Limited access to online resources has made it difficult to access additional support and resources for struggling students.,Classroom,Online Learning,Low
Classroom: Time zone differences for online classes have made it difficult to participate in group projects and work collaboratively with peers.,Classroom,Online Learning,Low
Classroom: Online classes are not the same as in-person classes. I find it hard to stay engaged and motivated with online learning.,Classroom,Online Learning,Low
Technical issues with the online platform make it difficult to participate in class and complete assignments.,Classroom,Online Learning,Low
The lack of in-person interaction and support from professors has been challenging in my online courses.,Classroom,Online Learning,Low
Classroom: Online classes require a lot of self-discipline and time management skills that not all students have developed yet.,Classroom,Online Learning,Low
It is difficult to build relationships with classmates and professors in an online setting.,Classroom,Online Learning,Low
"Classroom: The quality of education in online classes is not the same as in-person classes, and it can be frustrating to pay full tuition for a lesser experience.",Classroom,Online Learning,Low
Classroom: The lack of access to campus resources and facilities is a major downside to online classes.,Classroom,Online Learning,Low
Classroom: The time difference for international students can make it difficult to attend online classes and participate in group projects.,Classroom,Online Learning,Low
Classroom: The lack of face-to-face interaction in online classes makes it hard to ask questions and receive feedback.,Classroom,Online Learning,Low
"Classroom: The online format can be especially challenging for hands-on courses like art, music, and lab-based sciences.",Classroom,Online Learning,Low
Classroom: Limited access to technical resources and software can hinder the learning experience in online classes.,Classroom,Online Learning,Low
"Classroom: It is challenging to maintain focus and avoid distractions during online classes, especially for students living in crowded or noisy environments.",Classroom,Online Learning,Low
Classroom: The increased screen time from online classes can cause eye strain and fatigue.,Classroom,Online Learning,Low
Classroom: Online exams and assessments can be more challenging and stressful than in-person tests.,Classroom,Online Learning,Low
Classroom: It is difficult to stay motivated and accountable for completing online coursework without the structure of in-person classes.,Classroom,Online Learning,Low
Classroom: Online classes can exacerbate feelings of isolation and loneliness for students who struggle to make connections with peers.,Classroom,Online Learning,Low
Classroom: Technical difficulties with online exams and quizzes can lead to anxiety and frustration.,Classroom,Online Learning,Low
The lack of access to professors during online classes can make it difficult to receive help and feedback on coursework.,Classroom,Online Learning,Low
Classroom: Online classes can make it harder to balance academic responsibilities with work or family obligations.,Classroom,Online Learning,Low
Classroom: Limited access to internships and job opportunities for online students can hinder their career prospects.,Classroom,Online Learning,Low
Classroom: The lack of networking opportunities and professional development events for online students can be a major drawback.,Classroom,Online Learning,Low
Classroom: The online format can make it challenging to participate in extracurricular activities and clubs.,Classroom,Online Learning,Low
Classroom: Online classes can create a sense of disconnection from the campus community and culture.,Classroom,Online Learning,Low
Classroom: It is harder to form study groups and collaborate with classmates in an online setting.,Classroom,Online Learning,Low
Technical difficulties with online class recordings can lead to missed lectures and important information.,Classroom,Online Learning,Low
Classroom: The lack of access to campus facilities like libraries and study spaces can make it harder to study and complete coursework.,Classroom,Online Learning,Low
Online classes can be particularly challenging for students who need hands-on assistance from professors or peers.,Classroom,Online Learning,Low
Classroom: The lack of in-person support and resources for mental health and wellness can make online classes particularly difficult for some students.,Classroom,Online Learning,Low
Classroom: The lack of access to campus events and activities can make the college experience feel incomplete for online students.,Classroom,Online Learning,Low
Classroom: The limited availability of online courses and programs can make it difficult for students to meet graduation requirements or pursue specific fields of study.,Classroom,Online Learning,Low
"Classroom: Online classes are a convenient way to learn, but the technical difficulties I faced this semester made it very frustrating.",Classroom,Online Learning,Low
"Classroom: I struggled with finding all the necessary resources for my online classes, and the limited access to them made it even harder.",Classroom,Online Learning,Low
Classroom: Being in a different time zone than my online classes made it hard to participate in live discussions and group work.,Classroom,Online Learning,Low
It was difficult to get in touch with my professors during online classes and I often had to wait for days to receive a response.,Classroom,Online Learning,Low
"Classroom: As an online student, I feel like I'm missing out on internship and job opportunities that are only available to in-person students.",Classroom,Online Learning,Low
Classroom: The lack of interaction and engagement in my online classes made it hard to stay motivated and focused on the material.,Classroom,Online Learning,Low
Classroom: I wish there were more opportunities for online students to collaborate and connect with each other.,Classroom,Online Learning,Low
"Classroom: The online platform we use for classes is outdated and difficult to navigate, which makes the learning experience more frustrating.",Classroom,Online Learning,Low
"Classroom: I struggled with managing my time effectively during online classes, especially with other commitments like work and family.",Classroom,Online Learning,Low
The lack of face-to-face interaction in my online classes made it hard to build relationships with my classmates and professors.,Classroom,Online Learning,Low
Classroom: The limited access to online tutoring and academic support made it hard to succeed in my classes.,Classroom,Online Learning,Low
"Classroom: I experienced a lot of technical difficulties during my online exams, which caused me a lot of stress and anxiety.",Classroom,Online Learning,Low
"The online class discussion boards were often filled with unhelpful and irrelevant comments, which made it hard to engage with the material.",Classroom,Online Learning,Low
"Classroom: I feel like I'm not getting my money's worth with online classes, as the learning experience isn't the same as in-person classes.",Classroom,Online Learning,Low
Classroom: It's hard to feel connected to my university and the campus community when I'm taking classes online from a different location.,Classroom,Online Learning,Low
Classroom: The lack of structure and routine in my online classes made it hard to stay motivated and focused on the material.,Classroom,Online Learning,Low
"Classroom: I had difficulty adjusting to the online learning environment, and I feel like I'm not getting the same quality education as in-person students.",Classroom,Online Learning,Low
Classroom: The online classes are not accommodating to students with different learning styles and preferences.,Classroom,Online Learning,Low
The lack of in-person feedback and interaction with my professors made it hard to improve my skills and knowledge.,Classroom,Online Learning,Low
"Classroom: As an online student, I feel isolated and disconnected from the campus community and extracurricular activities.",Classroom,Online Learning,Low
The limited access to online library resources and research databases made it hard to complete assignments and projects.,Library,Online Learning,Low
"Classroom: It's frustrating to have to rely on technology for my education, especially when it's not always reliable or user-friendly.",Classroom,Online Learning,Low
"Classroom: I feel like online classes aren't preparing me for the real world and workplace, where in-person communication and collaboration are essential skills.",Classroom,Online Learning,Low
"Classroom: The online platform we use for classes is not accessible for students with disabilities, which is a major issue.",Classroom,Online Learning,Low
I wish there were more opportunities for online students to interact with professors and receive feedback on their work.,Classroom,Online Learning,Low
Classroom: The lack of structure and clear expectations in my online classes made it hard to know what was expected of me and how to succeed.,Classroom,Online Learning,Low
"Classroom: As an online student, I feel like I'm not receiving the same level of support and resources as in-person students.",Classroom,Online Learning,Low
"Classroom: I had to spend a lot of money on additional technology and equipment to participate in my online classes, which was a financial burden.",Classroom,Online Learning,Low
Classroom: The lack of hands-on learning and practical experience in my online classes made it hard to apply the knowledge to real-world situations.,Classroom,Online Learning,Low
Classroom: I feel like I'm missing out on the social and networking opportunities that come with in-person classes and campus events.,Classroom,Online Learning,Low
"Classroom: I recently applied for a military certificate through the student affairs office, but it's been weeks and I haven't received any update on the status of my application.",Classroom,Student Affairs,Low
Library: The student affairs office seems to be disorganized and inefficient when it comes to managing birth certificates. I had to make multiple trips to their office just to get mine processed.,Library,Student Affairs,Low
"Main Gate: I need my training certificate for an internship opportunity, but the student affairs office keeps giving me the runaround and hasn't provided any clear timeline for when I can expect to receive it.",Main Gate,Student Affairs,Low
Hostel: The process for obtaining student certificates is unnecessarily complicated and time-consuming. It's taking away from my ability to focus on my studies.,Hostel,Student Affairs,Low
Pedestrian Area: The student affairs office needs to do a better job of communicating with students about the status of their certificate requests. It's frustrating not knowing where things stand.,Pedestrian,Student Affairs,Low
"Classroom: I submitted my military certificate application on time, but the student affairs office failed to process it in a timely manner, causing me to miss out on a scholarship opportunity.",Classroom,Student Affairs,Low
Library: The student affairs office needs to streamline their processes for managing birth certificates. It shouldn't take weeks to get a simple document processed.,Library,Student Affairs,Low
"Main Gate: I've been waiting for my training certificate for over a month now, and every time I follow up with the student affairs office, they tell me it's still being processed.",Main Gate,Student Affairs,Low
Hostel: The lack of transparency in the student affairs office's certificate management processes is unacceptable. Students deserve better communication and clearer timelines.,Hostel,Student Affairs,Low
Pedestrian Area: I've had nothing but frustration and delays in trying to obtain my student certificates. The student affairs office needs to overhaul their processes and make it easier for students to get what they need.,Pedestrian,Student Affairs,Low
Classroom: The student affairs office seems to prioritize administrative tasks over student needs. It's time for them to focus on improving their services for students.,Classroom,Student Affairs,Low
"Library: I had to wait in line for hours just to submit my military certificate application, and it still hasn't been processed. This is unacceptable.",Library,Student Affairs,Low
Main Gate: The student affairs office should provide online options for submitting and tracking certificate requests. It would save students a lot of time and hassle.,Main Gate,Student Affairs,Low
Hostel: I've heard from multiple students that the student affairs office is notoriously slow when it comes to processing birth certificates. It's time for them to make some changes.,Hostel,Student Affairs,Low
Pedestrian Area: The student affairs office needs to take responsibility for their mistakes and improve their processes for managing certificates. Students shouldn't have to suffer because of their incompetence.,Pedestrian,Student Affairs,Low
Classroom: I'm worried that my training certificate won't be processed in time for me to start my internship. The student affairs office needs to prioritize student needs and make sure these documents are processed quickly.,Classroom,Student Affairs,Low
Library: The lack of organization and communication in the student affairs office is causing a lot of unnecessary stress for students. It's time for them to step up and do better.,Library,Student Affairs,Low
Main Gate: I've had to jump through so many hoops just to get my student certificates. The student affairs office needs to simplify their processes and make it easier for students to get what they need.,Main Gate,Student Affairs,Low
Classroom: I've had to miss multiple classes just to go to the student affairs office and follow up on my certificate requests. This is unacceptable and needs to change.,Classroom,Student Affairs,Low
"Pedestrian Area: The student affairs office needs to invest in better technology and systems for managing certificates. It's 2023, and we shouldn't still be dealing with paper forms and long wait times.",Pedestrian,Student Affairs,Low
Classroom: I'm tired of feeling like I have to beg for my own certificates. The student affairs office needs to start prioritizing student needs over bureaucratic red tape.,Classroom,Student Affairs,Low
"Library: I submitted my birth certificate application weeks ago, but the student affairs office still.",Library,Student Affairs,Low
Main Gate: an provide some sample reports that may reflect the experiences of university students with regards to student affairs and managing various certificates. Please note that these are hypothetical reports and may not reflect the experiences of any specific individual or group.,Main Gate,Student Affairs,Low
"Hostel: I've been trying to get my military certificate verified by the university for weeks now, but every time I go to the office they tell me there's a problem with the paperwork. It's frustrating because I need this certificate to apply for certain internships.",Hostel,Student Affairs,Low
Pedestrian Area: The process for obtaining my birth certificate through the university has been a nightmare. The website was difficult to navigate and the customer service was unhelpful. It's ridiculous that something so important has to be so difficult to obtain.,Pedestrian,Student Affairs,Low
"Classroom: I received my training certificate from a course I took over the summer, but the university won't accept it because it's from a non-accredited institution. This is frustrating because the course was relevant to my major and I learned a lot from it.",Classroom,Student Affairs,Low
"Library: I've had multiple issues with the student affairs office regarding scheduling conflicts and paperwork errors. It seems like they're understaffed and overwhelmed, but it's frustrating when it affects my ability to graduate on time.",Library,Student Affairs,Low
"Main Gate: The process for ordering official transcripts from the university is unnecessarily complicated. It should be as simple as submitting a request online, but instead I have to navigate a confusing system and wait weeks for it to be processed.",Main Gate,Student Affairs,Low
"Hostel: I've been trying to update my personal information with the university, but the website keeps glitching and I can't get through to customer service. It's frustrating because this information is important for communication and academic purposes.",Hostel,Student Affairs,Low
"Pedestrian Area: I recently applied for a scholarship through the university, but the application process was confusing and the instructions were unclear. It's frustrating to spend so much time on an application only to find out that I didn't meet the criteria.",Pedestrian,Student Affairs,Low
"Classroom: The university should provide more resources for students who are applying for internships and jobs. It's difficult to navigate the job market on your own, and career services is often understaffed and overworked.",Classroom,Student Affairs,Low
"Library: I've had issues with financial aid and scholarships, and it seems like the university is always changing their policies and requirements. It's frustrating because I rely on this support to continue my education.",Library,Student Affairs,Low
Main Gate: The university should prioritize mental health resources for students. It's a stressful time in our lives and it's important to have access to counseling and support services when we need it.,Main Gate,Student Affairs,Low
"Pedestrian Area: The cost of rent in the area around the university is just too high, and it's really hard to find affordable housing that's also close to campus.",Pedestrian,Housing And Transportation,Low
"I've had to commute from the suburbs to the university every day, and the public transportation system is just not reliable enough. I've been late to class several times because of delays and cancellations.",Classroom,Housing And Transportation,Low
"Pedestrian Area: Finding a parking spot on campus is nearly impossible, and the parking fees are exorbitant. It's just not worth it to bring my car to school.",Pedestrian,Housing And Transportation,Low
"Pedestrian Area: The apartments in the university area are often run-down and poorly maintained, which makes it difficult to focus on studying when I'm living in such a stressful environment.",Pedestrian,Housing And Transportation,Low
"Pedestrian Area: I have to take two buses and a train just to get to campus, and the trip takes over an hour each way. It's exhausting and it takes away from my study time.",Pedestrian,Housing And Transportation,Low
"Pedestrian Area: The traffic around campus is always terrible, and it can take me up to an hour just to travel a few miles. It's frustrating and stressful.",Pedestrian,Housing And Transportation,Low
"Pedestrian Area: I've been looking for affordable housing near campus for months, but everything is either too expensive or too far away. It's discouraging and I'm not sure what to do.",Pedestrian,Housing And Transportation,Low
"Pedestrian Area: The public transportation system is so overcrowded during peak hours that it's often impossible to get a seat, and I end up standing for the entire ride to campus.",Pedestrian,Housing And Transportation,Low
"Pedestrian Area: The housing options near campus are very limited, and many landlords take advantage of the high demand by charging outrageous prices for subpar apartments.",Pedestrian,Housing And Transportation,Low
"Pedestrian Area: I rely on public transportation to get to campus, but the buses are often late or don't show up at all. It's frustrating and makes it hard to plan my day.",Pedestrian,Housing And Transportation,Low
"Pedestrian Area: I have to commute for over an hour each way to get to campus, and the time and money I spend on transportation really add up.",Pedestrian,Housing And Transportation,Low
"I've had to switch apartments several times because of problems with landlords or roommates, and it's really disrupted my studies and my life.",Hostel,Housing And Transportation,Low
"Classroom: The public transportation system shuts down early in the evening, which makes it hard for me to attend evening classes or study sessions.",Classroom,Housing And Transportation,Low
"Pedestrian Area: The university should do more to provide affordable and accessible housing options for students, especially those from low-income backgrounds.",Pedestrian,Housing And Transportation,Low
"Pedestrian Area: I've had to take out loans just to cover the cost of housing and transportation, which adds to the stress and pressure of being a student.",Pedestrian,Housing And Transportation,Low
"Pedestrian Area: The public transportation system is often overcrowded and noisy, which makes it hard to concentrate on studying or getting any work done.",Pedestrian,Housing And Transportation,Low
"Pedestrian Area: I've had to resort to sleeping on a friend's couch because I can't afford the rent in the university area, and it's really taking a toll on my mental health.",Pedestrian,Housing And Transportation,Low
Pedestrian Area: The lack of affordable and safe housing options near campus is a serious issue that the university needs to address.,Pedestrian,Housing And Transportation,Low
"I've had to miss class several times because of transportation issues, and it's really hurt my grades and my overall academic performance.",Classroom,Housing And Transportation,Low
"Pedestrian Area: The university should provide more support and resources for students who live off-campus, especially those who are struggling with housing and transportation issues.",Pedestrian,Housing And Transportation,Low
"Pedestrian Area: The high cost of housing and transportation is a barrier that prevents many students from pursuing higher education, and it's a problem that needs to be addressed at a systemic level.",Pedestrian,Housing And Transportation,Low
Pedestrian Area: The long commute to and from campus takes up so much of my day that I don't have much time or energy left for studying or extracurricular activities.,Pedestrian,Housing And Transportation,Low
"Pedestrian Area: The public transportation system is often unreliable and unsafe, which makes me feel anxious and stressed every time.",Pedestrian,Housing And Transportation,High
Pedestrian Area: I've been living off-campus for a year now and finding affordable housing near the university is a nightmare. I wish there were more affordable options for students.,Pedestrian,Housing And Transportation,Low
"Classroom: The transportation system in my city is not reliable at all, I've had to miss multiple classes due to late buses and trains.",Classroom,Housing And Transportation,Low
Pedestrian Area: It's so frustrating having to pay such high rent for a tiny apartment that's miles away from the university.,Pedestrian,Housing And Transportation,Low
Pedestrian Area: I've had to switch apartments multiple times because my landlord kept increasing the rent without warning. It's not fair for students who are already struggling to make ends meet.,Pedestrian,Housing And Transportation,Low
"Pedestrian Area: The public transportation in my city is so crowded during peak hours, it's impossible to get a seat.",Pedestrian,Housing And Transportation,Low
I've had to drop out of a few classes because the bus schedule didn't line up with my class schedule.,Classroom,Housing And Transportation,Low
"Pedestrian Area: Finding a parking spot near the university is a nightmare, and the parking fees are outrageous.",Pedestrian,Housing And Transportation,Low
"Pedestrian Area: The nearest grocery store is a 30-minute bus ride away, making it difficult to buy fresh groceries.",Pedestrian,Housing And Transportation,Low
"Pedestrian Area: I have to walk 20 minutes to the bus stop every day, which is not ideal during the winter months.",Pedestrian,Housing And Transportation,Low
Pedestrian Area: I wish the university would provide more affordable housing options for students who can't afford to pay rent in the city.,Pedestrian,Housing And Transportation,Low
"Pedestrian Area: The bus service in my area is so infrequent, it's impossible to get anywhere on time.",Pedestrian,Housing And Transportation,Low
"Pedestrian Area: The housing options near the university are so limited, it's impossible to find a decent place to live.",Pedestrian,Housing And Transportation,Low
Pedestrian Area: I had to take out a student loan just to be able to afford the rent for my apartment.,Pedestrian,Housing And Transportation,Low
Pedestrian Area: The rent for a one-bedroom apartment near the university is more than my monthly student loan payment.,Pedestrian,Housing And Transportation,Low
Pedestrian Area: I've had to share a room with a stranger just to be able to afford rent.,Pedestrian,Housing And Transportation,Low
Pedestrian Area: I've had to borrow money from my parents just to be able to pay for rent and transportation costs.,Pedestrian,Housing And Transportation,Low
"Pedestrian Area: The nearest bus stop is a 15-minute walk away from my apartment, which is not ideal during the winter months.",Pedestrian,Housing And Transportation,Low
"The university should provide shuttle buses to off-campus students, especially during peak class times.",Classroom,Housing And Transportation,Low
Classroom: I wish the university would provide more affordable parking options for students who have to drive to class.,Classroom,Housing And Transportation,Low
"Pedestrian Area: The traffic near the university is so bad during peak hours, it's impossible to get anywhere on time.",Pedestrian,Housing And Transportation,Low
"The rent prices near the university are so high, it's impossible to live without roommates.",Hostel,Housing And Transportation,Low
Pedestrian Area: I've had to move to a different city just to be able to afford housing and transportation costs.,Pedestrian,Housing And Transportation,Low
"Pedestrian Area: The bus stops near my apartment are not well-lit, making it feel unsafe to wait for the bus at night.",Pedestrian,Housing And Transportation,High
"Pedestrian Area: I wish there were more bike lanes near the university, it would make it easier to commute by bike.",Pedestrian,Housing And Transportation,Low
Pedestrian Area: The public transportation in my city is not accessible for students with disabilities.,Pedestrian,Housing And Transportation,Low
Pedestrian Area: I've had to take a part-time job just to be able to afford rent and transportation costs.,Pedestrian,Housing And Transportation,Low
Pedestrian Area: The university should provide more affordable on-campus housing options for students who can't afford to live off-campus.,Pedestrian,Housing And Transportation,Low
Pedestrian Area: I wish the university would provide more information about affordable housing options near the university.,Pedestrian,Housing And Transportation,Low
"Pedestrian Area: The housing options near the university are so limited, it's impossible to find a place to live that's not infested with pests.",Pedestrian,Housing And Transportation,Low
Pedestrian Area: The university should provide more information about transportation options for students who live off-campus.,Pedestrian,Housing And Transportation,Low
"Pedestrian Area: The parking lots near the university are always full, making it impossible to find a spot.",Pedestrian,Housing And Transportation,Low
"Pedestrian Area: I'm really struggling to find affordable housing close to campus. Everything seems to be way out of my budget, and it's frustrating to feel like I have to compromise on the quality of my living situation just to be able to afford rent.",Pedestrian,Housing And Transportation,Low
"The public transportation options in this area are terrible. Buses are always late or overcrowded, and there are never enough taxis or ride-sharing services available. It's making it really difficult for me to get to class on time and stay on top of my schedule.",Classroom,Housing And Transportation,Low
Pedestrian Area: I feel like the university should be doing more to provide affordable housing options for students. It's not fair that we have to choose between living in subpar conditions or going into debt just to afford rent.,Pedestrian,Housing And Transportation,Low
"Classroom: I don't have a car, and the only transportation option near my apartment is the bus. But the bus route doesn't go directly to campus, so I have to transfer multiple times just to get to class. It's a huge waste of time and energy.",Classroom,Housing And Transportation,Low
"Pedestrian Area: The housing market in this area is so competitive that I feel like I'm constantly battling with other students to find a decent place to live. It's stressful and exhausting, and I wish there were more options available to us.",Pedestrian,Housing And Transportation,Low
"Pedestrian Area: The cost of rent in this area is astronomical. I'm already working a part-time job just to make ends meet, and it's frustrating to feel like I'm barely scraping by even though I'm a full-time student.",Pedestrian,Housing And Transportation,Low
"Pedestrian Area: I'm really disappointed with the state of the public transportation system here. It's unreliable and inconvenient, and it's making it really difficult for me to stay on top of my studies and extracurricular activities.",Pedestrian,Housing And Transportation,Low
Pedestrian Area: I feel like the university should be doing more to incentivize landlords to offer affordable housing to students. It's not fair that we have to pay so much just to have a place to live while we're pursuing our degrees.,Pedestrian,Housing And Transportation,Low
"Pedestrian Area: The lack of affordable housing options in this area is really limiting my choices. I feel like I have to settle for a place that's far away from campus and not very nice, just because it's the only thing I can afford.",Pedestrian,Housing And Transportation,Low
"Classroom: I have to rely on public transportation to get around, but the bus schedule is so sporadic that I'm constantly running late for classes and appointments. It's really frustrating and stressful.",Classroom,Housing And Transportation,Low
"Pedestrian Area: I've been looking for ways to explore the area around campus and get to know the city better, but it's hard to find affordable and convenient transportation options. I wish there were more affordable shuttle services or student discounts for public transit.",Pedestrian,Activities And Travelling,Low
"Pedestrian Area: I'm really interested in trying out some new outdoor activities, but I don't know where to start. It would be great if the university offered more organized trips and activities, like hiking or kayaking, so that I could explore the area with other students.",Pedestrian,Activities And Travelling,Low
"Classroom: I've been feeling really burned out lately, and I think it's because I haven't had a chance to take a break and do something fun outside of class. I wish there were more social events and activities on campus that were geared towards stress relief and self-care.",Classroom,Activities And Travelling,Low
"Pedestrian Area: I'm from out of town, and I'm having a hard time finding my way around the city. It would be great if the university offered more orientation sessions or tours for new students, so that we could feel more confident and comfortable navigating the area.",Pedestrian,Activities And Travelling,Low
"I'm interested in studying abroad, but I'm not sure where to start. It would be great if the university had more resources and support for students who are considering international programs or trips.",Pedestrian,Activities And Travelling,Low
"I'm a transfer student, and I feel like I'm missing out on a lot of the traditional college experiences like road trips and spring break. It would be great if there were more organized trips and activities for transfer students, so that we could feel more connected to the university community.",Pedestrian,Activities And Travelling,Low
"Pedestrian Area: I love exploring new places and trying new things, but it's hard to find the time and money to do so while I'm in school. It would be great if there were more affordable and accessible travel options for students, like student discounts on airfare or organized weekend trips.",Pedestrian,Activities And Travelling,Low
"I'm interested in getting involved in outdoor activities and adventure sports, but I don't have a lot of experience. It would be great if the university offered more beginner-friendly courses and workshops, so that I could build my skills and confidence in a supportive environment.",Pedestrian,Activities And Travelling,Low
"Pedestrian Area: I'm interested in exploring the arts and cultural scene in the city, but I'm not sure where to start. It would be great if the university offered more organized trips and events to museums, galleries, and theaters, so that I could discover new things and learn from other students.",Pedestrian,Activities And Travelling,Low
"Pedestrian Area: I'm passionate about sustainability and the environment, and I would love to get involved in eco-tourism or sustainable travel. It would be great if the university had more resources and support for students who are interested in these topics, so that we could learn about sustainable travel options and make more informed choices.",Pedestrian,Activities And Travelling,Low
"Hostel: I went on a trip with the university's travel club, but the accommodations were terrible. The hotel was dirty and uncomfortable, and it really detracted from the overall experience.",Hostel,Activities And Travelling,Low
"I was really excited to go on a weekend trip with my friends, but the transportation ended up being a nightmare. Our bus broke down on the side of the road, and we ended up being stranded for hours.",Pedestrian,Activities And Travelling,Low
Pedestrian Area: I wish there were more affordable travel options for students. It's hard to justify spending a ton of money on a trip when we're already struggling to make ends meet with tuition and living expenses.,Pedestrian,Activities And Travelling,Low
"Pedestrian Area: I love exploring new places and trying new things, but it's hard to do that on a student budget. I wish there were more free or low-cost activities available in the area.",Pedestrian,Activities And Travelling,Low
"Pedestrian Area: I went on a trip to a nearby city with the school's travel program, but I felt like we didn't get to see as much as we could have. The itinerary was too packed, and we didn't have enough time to really explore and enjoy each location.",Pedestrian,Activities And Travelling,Low
"Pedestrian Area: I'm always looking for fun and interesting things to do on the weekends, but it seems like everything costs money. I wish there were more free events and activities available for students.",Pedestrian,Activities And Travelling,Low
"I went on a study abroad program, but I felt like I didn't get enough support from the school. I had trouble adjusting to the new culture and environment, and I wish there had been more resources available to help me.",Pedestrian,Activities And Travelling,Low
"Pedestrian Area: I'm really interested in outdoor activities like hiking and camping, but I don't have a car to get to the nearest parks and trails. It's frustrating to feel like I'm missing out on something that I really enjoy.",Pedestrian,Activities And Travelling,Low
"Pedestrian Area: I went on a trip with a student organization, but the leaders didn't seem very organized. We were always running late or missing important details, and it made the trip more stressful than it needed to be.",Pedestrian,Activities And Travelling,Low
Pedestrian Area: I wish there were more opportunities to travel and explore the world while still earning college credit. It would be a great way to combine my academic and personal interests.,Pedestrian,Activities And Travelling,Low
"I love the study abroad programs offered by our university. They've given me the chance to see the world and experience new cultures, all while earning credit towards my degree.",Pedestrian,Activities And Travelling,Low
"Library: I wish there were more affordable travel options available for students. It's hard to save up enough money to take a trip when you're already paying for tuition, textbooks, and rent.",Library,Activities And Travelling,Low
"Pedestrian Area: The university-sponsored trips and excursions are always a lot of fun, but they tend to fill up quickly. I wish there were more spots available so that more students could participate.",Pedestrian,Activities And Travelling,Low
"Pedestrian Area: I really enjoy hiking and exploring the outdoors, but it can be tough to find good hiking trails and parks nearby. I wish there were more options available for students who want to get outside and explore.",Pedestrian,Activities And Travelling,Low
"Pedestrian Area: I love going to concerts and music festivals, but it's hard to find events that fit within my budget. It would be great if the university offered discounted tickets to students for these types of events.",Pedestrian,Activities And Travelling,Low
"Pedestrian Area: I've always been interested in volunteering and giving back to my community, and the university has provided me with some great opportunities to do so. It's been really rewarding to be able to make a difference.",Pedestrian,Activities And Travelling,Low
Pedestrian Area: I wish there were more opportunities to connect with other students who have similar interests. It can be tough to find a community of like-minded individuals on such a large campus.,Pedestrian,Activities And Travelling,Low
"Hostel: I really enjoy exploring new neighborhoods and trying new restaurants, but it can be tough to find affordable options. It would be great if the university offered a foodie club or something similar.",Hostel,Activities And Travelling,Low
"Pedestrian Area: I'm not really into partying or going out to bars, but it feels like that's the only social scene available on campus. I wish there were more options for students who want to have fun without drinking.",Pedestrian,Activities And Travelling,Low
Pedestrian Area: I love going to sporting events and cheering on our school's teams. It's a great way to feel connected to the university and get involved in the campus community.,Pedestrian,Activities And Travelling,Low
"Pedestrian Area: I wish there were more opportunities for outdoor recreation, like kayaking or camping. It would be great to be able to get away from campus and explore the natural beauty of the area.",Pedestrian,Activities And Travelling,Low
"Pedestrian Area: I'm really interested in photography, but it can be tough to find good locations to take photos. I wish there were more scenic spots around campus for students to explore.",Pedestrian,Activities And Travelling,Low
I really enjoy attending lectures and talks on campus. It's a great way to learn new things and expand my knowledge beyond my coursework.,Classroom,Activities And Travelling,Low
Pedestrian Area: I love attending film screenings and discussions on campus. It's a great way to engage with the arts and see films that I might not have discovered on my own.,Pedestrian,Activities And Travelling,Low
Pedestrian Area: I wish there were more opportunities to connect with alumni and professionals in my field. It would be great to network and get advice from people who have been through the same things I'm going through now.,Pedestrian,Activities And Travelling,Low
"Pedestrian Area: I love taking weekend trips to nearby cities and towns. It's a great way to see new places and experience different cultures, without having to spend a lot of money.",Pedestrian,Activities And Travelling,Low
Library: I really enjoy attending book clubs and literary events on campus. It's a great way to engage with literature and connect with other book lovers.,Library,Activities And Travelling,Low
I wish there were more opportunities for students to get involved in research projects and work with faculty members outside of the classroom. It would be a great way to gain hands-on experience in my field.,Classroom,Activities And Travelling,Low
Library: I love attending poetry readings and spoken word events on campus. It's a great way to connect with the creative community and hear from talented writers.,Library,Activities And Travelling,Low
Pedestrian Area: I wish there were more opportunities for students to learn about and engage.,Pedestrian,Activities And Travelling,Low
"Hostel: I am disappointed with the food options available on campus. There are not enough healthy options, and the quality of the food is subpar.",Hostel,Mess/Food,Low
"Hostel: The cafeteria on campus is always crowded, and it's difficult to find a seat during peak hours. The university should consider expanding the cafeteria or adding additional dining areas.",Hostel,Mess/Food,Low
"Hostel: I appreciate the variety of food options available on campus, but the prices are too high. It's not feasible for students to eat on campus every day.",Hostel,Mess/Food,Low
Hostel: The food available on campus is too greasy and unhealthy. The university should focus on offering more nutritious options.,Hostel,Mess/Food,Low
"Classroom: The vending machines on campus are frequently out of order, which is frustrating when I need a quick snack between classes.",Classroom,Mess/Food,Low
"Hostel: I love the variety of snacks available at the campus convenience store, but the prices are too high. It would be great if the university could offer more affordable options.",Hostel,Mess/Food,Low
"Hostel: The campus coffee shop is always crowded, and it takes forever to get my order. I wish there were more employees working during peak hours.",Hostel,Mess/Food,Low
"Hostel: I appreciate the vegan and vegetarian options available on campus, but they are often sold out or not replenished in a timely manner.",Hostel,Mess/Food,Low
Hostel: The campus dining hall should offer more international cuisine options. The food is too focused on American cuisine.,Hostel,Mess/Food,Low
Hostel: The food available on campus is not accommodating for students with allergies. The university should provide more allergy-friendly options.,Hostel,Mess/Food,Low
"Hostel: I wish there were more food trucks on campus. The lines are always too long, and the trucks are only available on certain days.",Hostel,Mess/Food,Low
"Hostel: The campus snack bars often run out of popular items, which is frustrating for students who rely on these options for meals.",Hostel,Mess/Food,Low
Hostel: The food available on campus is too repetitive. I wish there were more rotating menu options.,Hostel,Mess/Food,Low
Hostel: The meal plan options are too limited. It would be great if the university could offer more flexible options for students who don't eat on campus every day.,Hostel,Mess/Food,Low
Hostel: The campus convenience store should offer more healthy snack options. Most of the items available are high in sugar and calories.,Hostel,Mess/Food,Low
"Hostel: I appreciate the campus food co-op, but the prices are too high for most students to afford.",Hostel,Mess/Food,Low
Hostel: The food available on campus is often lukewarm or cold. The university should focus on improving the quality of the food.,Hostel,Mess/Food,Low
Hostel: The campus food court should offer more variety. It's difficult to find something I want to eat every day.,Hostel,Mess/Food,Low
Hostel: I wish the campus cafeteria would offer more breakfast options. It's difficult to find a healthy breakfast on campus.,Hostel,Mess/Food,Low
Hostel: The campus dining hall is not open late enough. It would be great if it could stay open until later in the evening.,Hostel,Mess/Food,Low
"Hostel: The quality of the food on campus varies widely. Sometimes it's great, but other times it's barely edible.",Hostel,Mess/Food,Low
Hostel: The prices at the campus coffee shop are too high. It would be great if there were more affordable options for students.,Hostel,Mess/Food,Low
Hostel: The campus dining hall should offer more grab-and-go options for students who are in a hurry.,Hostel,Mess/Food,Low
"Hostel: I appreciate the late-night dining options available on campus, but the food is often not fresh or of good quality.",Hostel,Mess/Food,Low
Hostel: The campus convenience store should offer more non-perishable food options for students who don't have access to a fridge.,Hostel,Mess/Food,Low
Hostel: The food available on campus is often too spicy or too bland. The university should work on offering more balanced flavors.,Hostel,Mess/Food,Low
Hostel: The campus dining hall should offer more gluten-free options for students with celiac disease or gluten intolerance.,Hostel,Mess/Food,Low
Hostel: The campus coffee shop should offer more non-coffee drink options. Not all students drink coffee.,Hostel,Mess/Food,Low
Hostel: The food options on campus are quite limited and not very appetizing. I wish there were more healthy options available.,Hostel,Mess/Food,Low
"Hostel: I appreciate that there are a few vegetarian options available, but they often run out quickly and I end up having to choose from the same limited menu.",Hostel,Mess/Food,Low
Hostel: The food served in the cafeteria is not worth the price. It's often undercooked and the portions are small.,Hostel,Mess/Food,Low
Hostel: I wish there were more affordable options for snacks and drinks on campus. The vending machines are often empty or not working.,Hostel,Mess/Food,Low
Hostel: The coffee served in the student center is too expensive for what it is. I would love to see more affordable options available.,Hostel,Mess/Food,Low
"Hostel: The cafeteria is always crowded during peak hours, making it difficult to find a place to sit and eat.",Hostel,Mess/Food,Low
Hostel: The quality of the food in the campus dining hall needs to be improved. It's often bland and unappetizing.,Hostel,Mess/Food,Low
Hostel: The food served in the campus cafe is often overpriced and not very tasty. I wish there were more options available.,Hostel,Mess/Food,Low
"Hostel: The campus food options are not very diverse, and I often end up eating the same things over and over again.",Hostel,Mess/Food,Low
"Hostel: I appreciate that the campus has a few healthy options available, but they are often more expensive than the other menu items.",Hostel,Mess/Food,Low
Hostel: The snacks available in the vending machines are often stale or expired. I wish they were restocked more frequently.,Hostel,Mess/Food,Low
Hostel: The cafeteria should offer more options for students with dietary restrictions or food allergies.,Hostel,Mess/Food,Low
Hostel: The food options on campus are limited and often overpriced. I end up having to spend a lot of money on food each week.,Hostel,Mess/Food,Low
"Hostel: The cafeteria is always very crowded during lunchtime, which makes it difficult to find a place to sit and eat.",Hostel,Mess/Food,Low
Hostel: I wish there were more options available for breakfast on campus. The current selection is quite limited.,Hostel,Mess/Food,Low
"Hostel: The cafeteria often runs out of popular menu items before the end of the day, leaving students with limited options.",Hostel,Mess/Food,Low
Hostel: The food served in the student center is often cold and unappetizing. I wish the quality were better.,Hostel,Mess/Food,Low
"Hostel: The vending machines on campus are often out of order, making it difficult to find snacks and drinks.",Hostel,Mess/Food,Low
"Hostel: The campus needs to provide more healthy snack options, like fresh fruits and vegetables.",Hostel,Mess/Food,Low
"Hostel: The prices for food on campus are too high, especially considering the quality and variety of the options available.",Hostel,Mess/Food,Low
"Hostel: The cafeteria should offer more vegetarian and vegan options, as there are many students on campus with these dietary restrictions.",Hostel,Mess/Food,Low
Hostel: The coffee served in the campus cafe is often burnt and bitter. I wish there were better options available.,Hostel,Mess/Food,Low
Classroom: The campus should provide more options for students who need to grab a quick bite between classes.,Classroom,Mess/Food,Low
Hostel: The snacks available in the campus store are often overpriced and not very appetizing.,Hostel,Mess/Food,Low
"Hostel: The cafeteria should offer more international food options, to better reflect the diverse student population.",Hostel,Mess/Food,Low
Classroom: The campus needs to provide more options for students who have early morning classes and need breakfast on the go.,Classroom,Mess/Food,Low
Hostel: The quality of the food in the campus cafe needs to be improved. It's often stale and unappetizing.,Hostel,Mess/Food,Low
"Hostel: The campus should consider offering a meal plan for students, to make dining on campus more affordable.",Hostel,Mess/Food,Low
"Hostel: The vending machines on campus should offer healthier options, like granola bars and trail mix.",Hostel,Mess/Food,Low
Classroom: The campus needs to provide more options for students who have late classes and need dinner on the go.,Classroom,Mess/Food,Low
"Hostel: The food on campus is decent, but the snacks available at the cantine are too expensive.",Hostel,Mess/Food,Low
Hostel: I wish there were more vegan options in the cafeteria.,Hostel,Mess/Food,Low
Hostel: The sandwiches available in the cantine are always stale.,Hostel,Mess/Food,Low
"Hostel: The food on campus is great, but the cantine is always crowded during lunchtime.",Hostel,Mess/Food,Low
Hostel: The vegetarian options in the cafeteria are delicious!,Hostel,Mess/Food,Low
Hostel: The pizza available in the cantine is terrible.,Hostel,Mess/Food,Low
Hostel: The coffee in the cafeteria is always lukewarm.,Hostel,Mess/Food,Low
Hostel: The portions served in the cafeteria are too small for the price.,Hostel,Mess/Food,Low
Hostel: The sandwiches in the cafeteria are always made with stale bread.,Hostel,Mess/Food,Low
Hostel: The cantine should offer more gluten-free options.,Hostel,Mess/Food,Low
Hostel: The salad bar in the cafeteria is always fresh and delicious.,Hostel,Mess/Food,Low
Hostel: The pastries in the cantine are always stale and tasteless.,Hostel,Mess/Food,Low
Hostel: The fruit options in the cafeteria are limited and often not ripe.,Hostel,Mess/Food,Low
Hostel: The cafeteria should offer more international cuisine options.,Hostel,Mess/Food,Low
"Hostel: The cantine is always closed during the weekends, which is inconvenient.",Hostel,Mess/Food,Low
Hostel: The burgers in the cafeteria are always overcooked.,Hostel,Mess/Food,Low
Hostel: The drinks available in the cantine are overpriced.,Hostel,Mess/Food,Low
Hostel: The cafeteria should offer more healthy options.,Hostel,Mess/Food,Low
Hostel: The chips available in the cantine are always stale and overpriced.,Hostel,Mess/Food,Low
Hostel: The staff in the cafeteria is always friendly and helpful.,Hostel,Mess/Food,Low
Hostel: The cantine should offer more vegetarian options.,Hostel,Mess/Food,Low
Hostel: The pasta in the cafeteria is always overcooked and bland.,Hostel,Mess/Food,Low
Hostel: The prices at the cantine are too high for the quality of the food.,Hostel,Mess/Food,Low
Hostel: The selection of snacks in the cafeteria is limited.,Hostel,Mess/Food,Low
Hostel: The cantine should offer more options for people with food allergies.,Hostel,Mess/Food,Low
Hostel: The soup in the cafeteria is always too salty.,Hostel,Mess/Food,Low
Hostel: The sandwiches in the cafeteria are always made with processed meat.,Hostel,Mess/Food,Low
Hostel: The desserts in the cantine are always too sweet and unhealthy.,Hostel,Mess/Food,Low
Hostel: The cantine should offer more organic options.,Hostel,Mess/Food,Low
Hostel: The sushi available in the cafeteria is always stale and overpriced.,Hostel,Mess/Food,Low
Hostel: The cafeteria should offer more options for people who are lactose intolerant.,Hostel,Mess/Food,Low
Hostel: The cantine should offer more options for people who are gluten intolerant.,Hostel,Mess/Food,Low
Hostel: The food in the cafeteria is always fresh and delicious.,Hostel,Mess/Food,Low
Hostel: The cantine should offer more options for people who are vegan.,Hostel,Mess/Food,Low
Hostel: The chips in the cafeteria are always stale and overpriced.,Hostel,Mess/Food,Low
Hostel: The drinks available in the cafeteria are overpriced.,Hostel,Mess/Food,Low
Hostel: The cantine should offer more options for people who are on a diet.,Hostel,Mess/Food,Low
Hostel: The pizza in the cafeteria is always undercooked and soggy.,Hostel,Mess/Food,Low
Hostel: The sandwiches in the cafeteria are always made with cheap ingredients.,Hostel,Mess/Food,Low
Hostel: The staff in the cantine is always rude and unhelpful.,Hostel,Mess/Food,Low
Hostel: The cafeteria should offer more international snacks options.,Hostel,Mess/Food,Low
Hostel: The cantine should offer more halal options.,Hostel,Mess/Food,Low
Hostel: The prices at the cafeteria are reasonable for the quality of the food.,Hostel,Mess/Food,Low
Hostel: The cantine should offer more kosher options.,Hostel,Mess/Food,Low
Hostel: The cafeteria should offer more organic options.,Hostel,Mess/Food,Low
Hostel: The cantine should offer more fresh fruit options.,Hostel,Mess/Food,Low
Hostel: The hot dogs in the cafeteria are always cold and rubbery.,Hostel,Mess/Food,Low
Hostel: The cantine should offer more locally sourced options.,Hostel,Mess/Food,Low
Hostel: The cafeteria should offer more vegetarian options.,Hostel,Mess/Food,Low
Hostel: The cantine should offer more breakfast options.,Hostel,Mess/Food,Low
Hostel: The food in the dining hall is not healthy or nutritious.,Hostel,Mess/Food,Low
Hostel: The food in the dining hall is bland and tasteless.,Hostel,Mess/Food,Low
Hostel: The food in the dining hall is overpriced.,Hostel,Mess/Food,Low
Hostel: The dining hall is always crowded and there are long lines.,Hostel,Mess/Food,Low
Hostel: The dining hall is dirty and unsanitary.,Hostel,Mess/Food,Low
Hostel: The food in the vending machines is unhealthy and overpriced.,Hostel,Mess/Food,Low
Hostel: The food in the convenience store is unhealthy and overpriced.,Hostel,Mess/Food,Low
Hostel: There are not enough vegan or vegetarian options available.,Hostel,Mess/Food,Low
Hostel: There are not enough gluten-free options available.,Hostel,Mess/Food,Low
Hostel: There are not enough halal or kosher options available.,Hostel,Mess/Food,Low
Hostel: There are not enough international options available.,Hostel,Mess/Food,Low
Hostel: The food is not cooked to my liking.,Hostel,Mess/Food,Low
Hostel: The food is not served hot enough.,Hostel,Mess/Food,Low
Hostel: The food is not fresh.,Hostel,Mess/Food,Low
Hostel: The food is not appealing to look at.,Hostel,Mess/Food,Low
Hostel: The food is not filling.,Hostel,Mess/Food,Low
Hostel: I have gotten sick from eating the food in the dining hall.,Hostel,Mess/Food,Low
Hostel: I have seen rodents or insects in the dining hall.,Hostel,Mess/Food,Low
Hostel: I have seen food being prepared in unsanitary conditions.,Hostel,Mess/Food,Low
Hostel: I have been served food that was not what I ordered.,Hostel,Mess/Food,Low
Hostel: I have been charged for food that I did not receive.,Hostel,Mess/Food,Low
Hostel: I have been treated rudely by staff in the dining hall.,Hostel,Mess/Food,Low
Hostel: I have had my food stolen from me in the dining hall.,Hostel,Mess/Food,Low
Hostel: I have been harassed or assaulted in the dining hall.,Hostel,Mess/Food,High
Hostel: I have felt unsafe in the dining hall.,Hostel,Mess/Food,High
Hostel: I have been unable to find food that meets my dietary needs.,Hostel,Mess/Food,Low
Hostel: I have been unable to find food that I can afford.,Hostel,Mess/Food,Low
Hostel: I have been unable to find food that I enjoy.,Hostel,Mess/Food,Low
Hostel: I have been unable to find food that is healthy and nutritious.,Hostel,Mess/Food,Low
Hostel: I have been unable to find food that is cooked to my liking.,Hostel,Mess/Food,Low
Library: Having no technical knowledge about their taught subject.,Library,Academic Support And Resources,Low
Library: teaching method is very tough and very diffcult to understand.,Library,Academic Support And Resources,Low
Library: least EXPOSURE to modern trends discussed.,Library,Academic Support And Resources,Low
teachers turn down the leave.,Classroom,Academic Support And Resources,Low
teacher sometimes passes MOCKING remarks.,Classroom,Academic Support And Resources,Low
Library: less attention is given towards practical work.,Library,Academic Support And Resources,Low
Library: they take tough papers.,Library,Academic Support And Resources,Low
FACULTY DON'T include latest technologies.,Classroom,Academic Support And Resources,Low
Classroom: Lab and practical are not upto the mark.,Classroom,Academic Support And Resources,Low
Library: Not upto the mark.,Library,Academic Support And Resources,Low
Library: The topic which are practiced are basic.,Library,Academic Support And Resources,Low
Library: the EVALUATION is biased or injustified.,Library,Academic Support And Resources,Low
one of the faculty member is weird.,Classroom,Academic Support And Resources,Low
Library: his attitude is really annoying.,Library,Academic Support And Resources,Low
Library: he expects us to deliver answer in the way he wants us to do.,Library,Academic Support And Resources,Low
teacher is unable to assess students' level.,Classroom,Academic Support And Resources,Low
Library: he is unfair to studies.,Library,Academic Support And Resources,Low
Library: Give favoritism to some selected students.,Library,Academic Support And Resources,Low
Library: they are not interested in studies.,Library,Academic Support And Resources,Low
Library: Having least knowledge of the field.,Library,Academic Support And Resources,Low
Library: teach students above their level.,Library,Academic Support And Resources,Low
teacher should avoid favouritism.,Classroom,Academic Support And Resources,Low
teachers may be given sujbect of their field instead of random allocation.,Classroom,Academic Support And Resources,Low
teacher should give lab demo by himself or herself.,Classroom,Academic Support And Resources,Low
Library: more attention be focused on practical work.,Library,Academic Support And Resources,Low
Library: mathematics subjects are not taught well.,Library,Academic Support And Resources,Low
Library: COVID-19 damaged teaching standards.,Library,Academic Support And Resources,Low
"Students are interested in skills, not merely descriptive lectures.",Classroom,Academic Support And Resources,Low
teacher need to be regular and puntual.,Classroom,Academic Support And Resources,Low
class tests and assignments may be given as per schedule not at the end of the semester.,Classroom,Academic Support And Resources,Low
teachers should teach us not slide the sldies.,Classroom,Academic Support And Resources,Low
teachers should change methodology towars skill development.,Classroom,Academic Support And Resources,Low
"Library: WE SAY ""no CGPA"", JUST ""skills.",Library,Academic Support And Resources,Low
Classroom: lab work standards should be increased.,Classroom,Academic Support And Resources,Low
Teachers should be neutral for both genders.,Classroom,Academic Support And Resources,Low
Library: there should be no gender biasness while checking papers.,Library,Academic Support And Resources,Low
the teacher should take class at given time.,Classroom,Academic Support And Resources,Low
teahcer must take lectures as per time table.,Classroom,Academic Support And Resources,Low
the teacher should take class at given time.,Classroom,Academic Support And Resources,Low
Library: students must be persuaded towards learning instead of course completion.,Library,Academic Support And Resources,Low
teahcer must take lectures as per time table.,Classroom,Academic Support And Resources,Low
there should be skill oriented assignements and class projects.,Classroom,Academic Support And Resources,Low
teahcer must take lectures as per time table.,Classroom,Academic Support And Resources,Low
Library: you get angry quickly.,Library,Academic Support And Resources,Low
"Library: during learning process, you put burden on us which makes our life difficult.",Library,Academic Support And Resources,Low
Library: let students choose their field of interest instead.,Library,Academic Support And Resources,Low
Library: please show mid term papers in time.,Library,Academic Support And Resources,Low
Library: teachers should focus on learning process not reading slides.,Library,Academic Support And Resources,Low
Library: Sorry to say: I am very afraid of your anger.,Library,Academic Support And Resources,Low
Library: sorry to giving you advice: please give a handout notes of hardware to students.,Library,Academic Support And Resources,Low
Library: i feel that when i use to ask some question about programing you sccolded me once or twice.,Library,Academic Support And Resources,Low
Library: SIR i found programming tough.,Library,Academic Support And Resources,Low
Library: i tried but it is tough.,Library,Academic Support And Resources,Low
Library: you support and back up girls.,Library,Academic Support And Resources,Low
Library: some times you teach beyond the approach of students.,Library,Academic Support And Resources,Low
Library: You taught us very well.,Library,Academic Support And Resources,Low
Library: i think this programme BSCS is soo good but due to my weakness in programmminng and using computer. i am soo woried.,Library,Academic Support And Resources,Low
Good teacher with an excellent conceptual approach.,Classroom,Academic Support And Resources,Low
In last lectures you give us a burden of works.,Classroom,Academic Support And Resources,Low
Library: You are bit hard and we hesitat to ask some question.,Library,Academic Support And Resources,Low
Library: you have bit wrong thought. you bound us soo much.,Library,Academic Support And Resources,Low
Library: you should teaches us of our levels not high levels.,Library,Academic Support And Resources,Low
Library: sir do give us addtional work to do.,Library,Academic Support And Resources,Low
Library: you teaching style is good.,Library,Academic Support And Resources,Low
Library: i learnt all the basic concepts of programming conditinal structures loops array. it is interesting.,Library,Academic Support And Resources,Low
Library: YOU TAUGHT US A LOT SIR.,Library,Academic Support And Resources,Low
Library: we were slow to start but got something at last however you are a nice teach.,Library,Academic Support And Resources,Low
Library: you are quite friendly.,Library,Academic Support And Resources,Low
teacher put a lot of burden on students.,Classroom,Academic Support And Resources,Low
teachers do not work hard.,Classroom,Academic Support And Resources,Low
Library: they do not impart modern day knowledge to the students.,Library,Academic Support And Resources,Low
"Library: they teach beyond the scope of a subject, creating extra burden on the students.",Library,Academic Support And Resources,Low
out dated information is given during lectures.,Classroom,Academic Support And Resources,Low
Library: they do not develop student's hands on skills.,Library,Academic Support And Resources,Low
Library: it is very difficult to deceive you.,Library,Academic Support And Resources,Low
Library: you teach beyond our scope imagination and level.,Library,Academic Support And Resources,Low
pleaase do provide us notes of your lectures.,Classroom,Academic Support And Resources,Low
Library: please sir make groups which may include at least one capable student.,Library,Academic Support And Resources,Low
Library: you wish you should teach us in next semester.,Library,Academic Support And Resources,Low
Library: whatever i know about computers i learnt it here.,Library,Academic Support And Resources,Low
Library: you are compassionate and considerate person.,Library,Academic Support And Resources,Low
Library: there is no doubt that your knowledge about this subject is deep.,Library,Academic Support And Resources,Low
Library: we learnt new things by working on python but it was not right time for the project.,Library,Academic Support And Resources,Low
Library: we saw you giving favours to few special students.,Library,Academic Support And Resources,Low
"Library: sir, you have excellent teaching methodology that we learn easily.",Library,Academic Support And Resources,Low
Library: you are suggested not to give term project in last semester.,Library,Academic Support And Resources,Low
Library: never gives time to students for discussion in his office.,Library,Academic Support And Resources,Low
The teacher is baised in class to his favouriteÂ students.,Classroom,Academic Support And Resources,Low
teacher should avoid favouritism.,Classroom,Academic Support And Resources,Low
teachers may be given sujbect of their field instead of random allocation.,Classroom,Academic Support And Resources,Low
teacher should give lab demo by himself or herseld.,Classroom,Academic Support And Resources,Low
Library: more attention be focused on practical work.,Library,Academic Support And Resources,Low
Library: mathematics subjects are not taught well.,Library,Academic Support And Resources,Low
teacher need to be regular and puntual.,Classroom,Academic Support And Resources,Low
class tests and assignments may be given as per schedule not at the end of the semester.,Classroom,Academic Support And Resources,Low
teachers should teach us not slide the sldies.,Classroom,Academic Support And Resources,Low
"Library: no CGPA, JUST skills.",Library,Academic Support And Resources,Low
Teachers should be neutral for both genders.,Classroom,Academic Support And Resources,Low
Library: there should be no gender biasness while checking papers.,Library,Academic Support And Resources,Low
there should be no big gaps between the lectures in time table.,Classroom,Academic Support And Resources,Low
Library: irregular time table makes us uncomfortable.,Library,Academic Support And Resources,Low
Library: inappropriate time table cosumses most of our time.,Library,Academic Support And Resources,Low
Library: time table is quite uncomfortable.,Library,Academic Support And Resources,Low
Library: scattered time table makes us uneasy.,Library,Academic Support And Resources,Low
teacher should not disgrace his students.,Classroom,Academic Support And Resources,Low
teachers should make students attentive.,Classroom,Academic Support And Resources,Low
teacher should follow time table in true spirit.,Classroom,Academic Support And Resources,Low
teachers should improve their knowledge level.,Classroom,Academic Support And Resources,Low
teachers should improve their skills.,Classroom,Academic Support And Resources,Low
teachers should be cooperative with the students.,Classroom,Academic Support And Resources,Low
teachers should not disgrace students.,Classroom,Academic Support And Resources,Low
Library: there is extra burden on students related to studies.,Library,Academic Support And Resources,Low
Pedestrian Area: syllabus is too lenghty that students cannot work on his weaknesses.,Pedestrian,Academic Support And Resources,Low
teachers do not have in depth knowledge about the subjects.,Classroom,Academic Support And Resources,Low
teacher should have proper knowledge about the subject.,Classroom,Academic Support And Resources,Low
teachers should be kindful.,Classroom,Academic Support And Resources,Low
teachers must emphasis more on practical work.,Classroom,Academic Support And Resources,Low
lecture schedule needs to be revised.,Classroom,Academic Support And Resources,Low
teachers should take feedback of their previous lecture.,Classroom,Academic Support And Resources,Low
lectures should be taken in time.,Classroom,Academic Support And Resources,Low
Library: students may be given chance to give presentation.,Library,Academic Support And Resources,Low
teacher give difficult topics to studens as assignment.,Classroom,Academic Support And Resources,Low
Library: assignments are given without any overview.,Library,Academic Support And Resources,Low
behaviour of teachers should be ideal.,Classroom,Academic Support And Resources,Low
teachers do not have clear concepts about the subject.,Classroom,Academic Support And Resources,Low
Library: there is no relaxation during semester.,Library,Academic Support And Resources,Low
teachers put a lot of burden onto the students.,Classroom,Academic Support And Resources,Low
Library: there is least experimental work in the university.,Library,Academic Support And Resources,Low
Library: teahers do not listen to the opinion of studetns.,Library,Academic Support And Resources,Low
"Library: through over burden, teachrs pressurize students.",Library,Academic Support And Resources,Low
Library: difficulty level of papers is not well balanced.,Library,Academic Support And Resources,Low
teachers do not listen to students patiently.,Classroom,Academic Support And Resources,Low
Library: teaching method is not good.,Library,Academic Support And Resources,Low
Library: they put a lot of unjustified burden on students.,Library,Academic Support And Resources,Low
teachers do not encourage students to think and think deeper.,Classroom,Academic Support And Resources,Low
teachers do not grade sessional marks properly.,Classroom,Academic Support And Resources,Low
teachers do not grade lab work properly.,Classroom,Academic Support And Resources,Low
Library: more assignments and test are given at the end of semester.,Library,Academic Support And Resources,Low
Pedestrian Area: syllabus distribution is not justified.,Pedestrian,Academic Support And Resources,Low
some of the teachers do not take classes in time and at the end ask us to arrange makeups for them that put a lot of burden on us.,Classroom,Academic Support And Resources,Low
teachers are lazy and do not take classes in time.,Classroom,Academic Support And Resources,Low
Library: main problem is irregularity.,Library,Academic Support And Resources,Low
teacher do not assess lab on that day.,Classroom,Academic Support And Resources,Low
teachers are not fair in paper checking.,Classroom,Academic Support And Resources,Low
teachers way of teaching is not up to mark.,Classroom,Academic Support And Resources,Low
teachers lack in their subject knowledge.,Classroom,Academic Support And Resources,Low
teachers favor some students.,Classroom,Academic Support And Resources,Low
teacher discourage us.,Classroom,Academic Support And Resources,Low
Library: they give us limited practical work.,Library,Academic Support And Resources,Low
Pedestrian Area: papers are not set as per syllabus.,Pedestrian,Academic Support And Resources,Low
teacher try to dominate the students.,Classroom,Academic Support And Resources,Low
although all the teachers are highly qualified but all of them are not able to teach properly. Only a few can.,Classroom,Academic Support And Resources,Low
faculty do not give demo for labs but provide just manual of it.,Classroom,Academic Support And Resources,Low
Classroom: lab work is useless.,Classroom,Academic Support And Resources,Low
Classroom: lab work is not useful to us.,Classroom,Academic Support And Resources,Low
Classroom: lab are so inferior that we do not gain anything from it.,Classroom,Academic Support And Resources,Low
Library: objectives of the subject are not clear.,Library,Academic Support And Resources,Low
teacher does not know about the subject.,Classroom,Academic Support And Resources,Low
faculty do not fulfill subject needs.,Classroom,Academic Support And Resources,Low
Teacher is biased and do favouritism.,Classroom,Academic Support And Resources,Low
punctuality is no where in teachers.,Classroom,Academic Support And Resources,Low
Library: failing students is the aim of their life.,Library,Academic Support And Resources,Low
teacher give complicated topics to students as assignement.,Classroom,Academic Support And Resources,Low
lectures are not conducted as per schedule and at the end of semester make up classes are taken to compensate.,Classroom,Academic Support And Resources,Low
teachers are not cooperative.,Classroom,Academic Support And Resources,Low
Library: we should be provided proper teaching about the subject.,Library,Academic Support And Resources,Low
Library: labs are poorly conducted.,Library,Academic Support And Resources,Low
teachers should avoid nepotism.,Classroom,Academic Support And Resources,Low
Library: they award high marks to their relatives.,Library,Academic Support And Resources,Low
Library: memorization is promoted.,Library,Academic Support And Resources,Low
teachers do not make the subject interesting.,Classroom,Academic Support And Resources,Low
teachers do not reply properly to our questions.,Classroom,Academic Support And Resources,Low
teachers do not satisfy to our queries.,Classroom,Academic Support And Resources,Low
teachers do not focus on concepts but memorization.,Classroom,Academic Support And Resources,Low
we wait for long long hours for teachers.,Classroom,Academic Support And Resources,Low
teachers cover most of the syllabus in last weeks of the semester.,Classroom,Academic Support And Resources,Low
Library: course is not completed in timely.,Library,Academic Support And Resources,Low
Library: engineering environment is not available and created.,Library,Academic Support And Resources,Low
Library: there is less attitude towards learning skills.,Library,Academic Support And Resources,Low
teachers get personal with the students.,Classroom,Academic Support And Resources,Low
teachers pretend to be higly professional.,Classroom,Academic Support And Resources,Low
Classroom: examinations are not taken according to the level taught during class.,Classroom,Academic Support And Resources,Low
teachers keep students in fear.,Classroom,Academic Support And Resources,Low
teacher have no comnad over the subject.,Classroom,Academic Support And Resources,Low
Library: assignment and quiz load is too much.,Library,Academic Support And Resources,Low
teachers deliver theoratical concepts rather than practical.,Classroom,Academic Support And Resources,Low
Library: they are not puntual.,Library,Academic Support And Resources,Low
few teachers were unfair in evaluating the studetns.,Classroom,Academic Support And Resources,Low
teachers do not prepare their lectures.,Classroom,Academic Support And Resources,Low
Library: they do not allow student to inquire.,Library,Academic Support And Resources,Low
teachers discourage asking questions.,Classroom,Academic Support And Resources,Low
Pedestrian Area: they used to ask students to cover important syllabus topics in student presentation.,Pedestrian,Academic Support And Resources,Low
Library: they do not disclose marking for the examination to the students.,Library,Academic Support And Resources,Low
teachers set too lengthy paper.,Classroom,Academic Support And Resources,Low
Library: examination papers do not reflect what is taught.,Library,Academic Support And Resources,Low
Library: they set long time cosuming question paper.,Library,Academic Support And Resources,Low
teachers do not check papers properly and justifically.,Classroom,Academic Support And Resources,Low
teacher should strict to the the topic and do not be waivy.,Classroom,Academic Support And Resources,Low
teachers provide us lab hand outs and go away without any demonstration.,Classroom,Academic Support And Resources,Low
teachers do not brief us how to conduct a lab.,Classroom,Academic Support And Resources,Low
Library: wrong subject allocation.,Library,Academic Support And Resources,Low
Library: some are gender biased.,Library,Academic Support And Resources,Low
teachers do not follow time table strictly.,Classroom,Academic Support And Resources,Low
teachers do not provided marked assignments in time.,Classroom,Academic Support And Resources,Low
teachers do not provide marked quizes.,Classroom,Academic Support And Resources,Low
Library: their knowledge is not up to mark.,Library,Academic Support And Resources,Low
Library: their subject knowledge is not updated.,Library,Academic Support And Resources,Low
Classroom: no hands on lab work.,Classroom,Academic Support And Resources,Low
Library: limited skill based education is being imparted.,Library,Academic Support And Resources,Low
there is no creativity in teachers' teaching methodology.,Classroom,Academic Support And Resources,Low
teachers do not attend individual needs of a student in the class.,Classroom,Academic Support And Resources,Low
teachers do not follow time table.,Classroom,Academic Support And Resources,Low
Pedestrian Area: syllabus is not followed properly.,Pedestrian,Academic Support And Resources,Low
teachers teach on their own wish and do not follow given outlines.,Classroom,Academic Support And Resources,Low
teachers do not prepare lectures.,Classroom,Academic Support And Resources,Low
teachers take lectures at their own will and wish and then arrange make ups.,Classroom,Academic Support And Resources,Low
our time is waisted due to irregular class schedule.,Classroom,Academic Support And Resources,Low
the concerned teacher is taking undergraduate students as phd students.,Classroom,Academic Support And Resources,Low
teacher leave topics incompleted.,Classroom,Academic Support And Resources,Low
teachers show nepotism.,Classroom,Academic Support And Resources,Low
Library: subject allocation seesm inappropriate.,Library,Academic Support And Resources,Low
assignments are not checked properly by teachers.,Classroom,Academic Support And Resources,Low
Library: quizzes are often easy.,Library,Academic Support And Resources,Low
Library: assignements are given beyond the scope of the subject.,Library,Academic Support And Resources,Low
"Always takes class late, about 30-40 min lates.",Classroom,Academic Support And Resources,Low
Library: Very biased towards girls.,Library,Academic Support And Resources,Low
Library: Uncooperative towards students.,Library,Academic Support And Resources,Low
Library: Tries to just ignore student's problem rather than solving.,Library,Academic Support And Resources,Low
"Library: Does not teach indepth for better understanding of problem, instead just give a very minute overview.",Library,Academic Support And Resources,Low
Wrong teacher assigned to the respective subject.,Classroom,Academic Support And Resources,Low
Library: Teaching methodology hard to understand.,Library,Academic Support And Resources,Low
Library: Teaching at a bit of higher level that I feel difficult to understand.,Library,Academic Support And Resources,Low
Library: Lack of regularity.,Library,Academic Support And Resources,Low
Library: Too much depth in topic that feels like we may never do it.,Library,Academic Support And Resources,Low
"Library: Motivates but in a demotivated manner, that feels a bit weird.",Library,Academic Support And Resources,Low
teachers have not given the marked quizzes.,Classroom,Academic Support And Resources,Low
Library: they do not provide feedback on student assignments.,Library,Academic Support And Resources,Low
some teachers were always late for the class.,Classroom,Academic Support And Resources,Low
teachers were boring.,Classroom,Academic Support And Resources,Low
teacher could not understand the challenges student was facing.,Classroom,Academic Support And Resources,Low
teacher did not given the adaptive environment for the studentÂ toÂ learn.,Classroom,Academic Support And Resources,Low
Library: Lack of practical work a little bit.,Library,Academic Support And Resources,Low
Classroom: He comes a little bit late and miss some classes.,Classroom,Academic Support And Resources,Low
Teachers some time are really strict and not familiar with students.,Classroom,Academic Support And Resources,Low
Library: Impose strict rules and regulations.,Library,Academic Support And Resources,Low
teachers fail a student due to its short attendance.,Classroom,Academic Support And Resources,Low
teachers behaviour is not as per standards.,Classroom,Academic Support And Resources,Low
teachers are biased towards female students.,Classroom,Academic Support And Resources,Low
The Teacher Always come to class late.,Classroom,Academic Support And Resources,Low
The Teacher Marking and behavior in class are Baised.,Classroom,Academic Support And Resources,Low
Pedestrian Area: The Question in paper is out of slaybus.,Pedestrian,Academic Support And Resources,Low
Library: method of teaching is tough.,Library,Academic Support And Resources,Low
The Teacher never listen the questionÂ ofÂ students.,Classroom,Academic Support And Resources,Low
Library: Do not understand student's personal situation.,Library,Academic Support And Resources,Low
Some teachers just care about rules.,Classroom,Academic Support And Resources,Low
Some teachers discourage.,Classroom,Academic Support And Resources,Low
teachers create fear of failing students.,Classroom,Academic Support And Resources,Low
teachers discourage part-time jobs of students.,Classroom,Academic Support And Resources,Low
Library: encourage boys more than girls.,Library,Academic Support And Resources,Low
Library: Gender base discrimination.,Library,Academic Support And Resources,Medium
Library: caste based discrimination.,Library,Academic Support And Resources,Medium
Library: Favoritism exists and that is not good .,Library,Academic Support And Resources,Low
Degrading the students does not teachers a good one.,Classroom,Academic Support And Resources,Low
Some teachers do not check if lab is plagiarised.,Classroom,Academic Support And Resources,Low
Library: they are unfamiliar with modern trends.,Library,Academic Support And Resources,Low
Library: there is gap in practical work.,Library,Academic Support And Resources,Low
Library: they do not know the field work.,Library,Academic Support And Resources,Low
Library: practical work lacks.,Library,Academic Support And Resources,Low
teachers are not familiar with modern tools.,Classroom,Academic Support And Resources,Low
teacher do not take lectures at the given time.,Classroom,Academic Support And Resources,Low
teacher do not return marked assignments.,Classroom,Academic Support And Resources,Low
Library: they do not give back marked tests.,Library,Academic Support And Resources,Low
he is not good teacher.,Classroom,Academic Support And Resources,Low
teacher do not know what he/she teaches.,Classroom,Academic Support And Resources,Low
Library: she is not puntual.,Library,Academic Support And Resources,Low
teacher does not know she describes.,Classroom,Academic Support And Resources,Low
Library: he is not punctual.,Library,Academic Support And Resources,Low
teacher does not checks home work assignments.,Classroom,Academic Support And Resources,Low
Library: he did not return quiz.,Library,Academic Support And Resources,Low
she do not take lecture in time.,Classroom,Academic Support And Resources,Low
few teachers do favourtism.,Classroom,Academic Support And Resources,Low
a teacher should be proud.,Classroom,Academic Support And Resources,Low
teachers have minimum knowledge.,Classroom,Academic Support And Resources,Low
Library: his teaching method is not good.,Library,Academic Support And Resources,Low
few teachers do not return our tests and assignemnts.,Classroom,Academic Support And Resources,Low
a teacher did not take classes at time.,Classroom,Academic Support And Resources,Low
Library: he favours girls.,Library,Academic Support And Resources,Low
one teacher is biased towards girls.,Classroom,Academic Support And Resources,Low
Library: he disagrees with the boys.,Library,Academic Support And Resources,Low
Classroom: she never arrive in time in the classs.,Classroom,Academic Support And Resources,Low
teachers burden the students.,Classroom,Academic Support And Resources,Low
a few teachers cannot explain complex topics.,Classroom,Academic Support And Resources,Low
Library: unclear concepts.,Library,Academic Support And Resources,Low
he does not pay attention in his lectures.,Classroom,Academic Support And Resources,Low
Classroom: come late in the class.,Classroom,Academic Support And Resources,Low
Library: always in anger.,Library,Academic Support And Resources,Low
enter the class with angry mood.,Classroom,Academic Support And Resources,Low
Library: does not check papers corretly.,Library,Academic Support And Resources,Low
Library: always late.,Library,Academic Support And Resources,Low
Library: not regular and puntual.,Library,Academic Support And Resources,Low
Library: not hard working.,Library,Academic Support And Resources,Low
Library: do not give sufficient time for assignments.,Library,Academic Support And Resources,Low
Library: having rude behaviour.,Library,Academic Support And Resources,Low
Library: does not have any idea of the subject.,Library,Academic Support And Resources,Low
Library: not friendly towards students.,Library,Academic Support And Resources,Low
few teachers miss the lectures.,Classroom,Academic Support And Resources,Low
does not deliver lectures.,Classroom,Academic Support And Resources,Low
Library: asks too much work from the students.,Library,Academic Support And Resources,Low
Classroom: laboratory concepts are bit weak.,Classroom,Academic Support And Resources,Low
Library: practical skills are weak.,Library,Academic Support And Resources,Low
teacher uses most of his time using mobile.,Classroom,Academic Support And Resources,Low
few teachers are hostile towards students.,Classroom,Academic Support And Resources,Low
Library: does not know any thing about the subject.,Library,Academic Support And Resources,Low
Classroom: does not demonstrate the lab.,Classroom,Academic Support And Resources,Low
teacher discourages us.,Classroom,Academic Support And Resources,Low
Library: they insult the students.,Library,Academic Support And Resources,Low
I did not undertand teacher's teaching methodology.,Classroom,Academic Support And Resources,Low
the teacher is beyond being strict.,Classroom,Academic Support And Resources,Low
Library: he do not accept student's point of view.,Library,Academic Support And Resources,Low
Library: his teacing method is not understandable.,Library,Academic Support And Resources,Low
Library: he has two faces.,Library,Academic Support And Resources,Low
Library: discouraging behaviour.,Library,Academic Support And Resources,Low
Library: he listens to himself only.,Library,Academic Support And Resources,Low
Library: do not care about the students.,Library,Academic Support And Resources,Low
Library: his paper is always difficult.,Library,Academic Support And Resources,Low
teachers are not good.,Classroom,Academic Support And Resources,Low
Library: his teaching and assessment are different.,Library,Academic Support And Resources,Low
teacher does not clarify many concepts during lectures.,Classroom,Academic Support And Resources,Low
Classroom: they are usually late for the classes.,Classroom,Academic Support And Resources,Low
Library: they failed to deliver the subject contents.,Library,Academic Support And Resources,Low
teacher was harsh.,Classroom,Academic Support And Resources,Low
teacher's evaluation and teaching are apart.,Classroom,Academic Support And Resources,Low
teachers do not prepare their students for examination.,Classroom,Academic Support And Resources,Low
teacher favours a few particular students.,Classroom,Academic Support And Resources,Low
the teacher is lazy.,Classroom,Academic Support And Resources,Low
Library: confuses students.,Library,Academic Support And Resources,Low
too rude to be a teacher.,Classroom,Academic Support And Resources,Low
Library: do not complete work.,Library,Academic Support And Resources,Low
Library: teaching method is difficult.,Library,Academic Support And Resources,Low
not easy to understand the lectures.,Classroom,Academic Support And Resources,Low
Classroom: rude in teaching in class.,Classroom,Academic Support And Resources,Low
Library: keeps students in confusion.,Library,Academic Support And Resources,Low
Library: does not complete the work in time.,Library,Academic Support And Resources,Low
Library: its method is not easy to grasp.,Library,Academic Support And Resources,Low
Classroom: misses the classes.,Classroom,Academic Support And Resources,Low
teachers' paper is not from given work.,Classroom,Academic Support And Resources,Low
Library: the teaching method was not good.,Library,Academic Support And Resources,Low
teachers are often late for the lectures.,Classroom,Academic Support And Resources,Low
teacher gives lengthy assignments.,Classroom,Academic Support And Resources,Low
the lectures are a load for us.,Classroom,Academic Support And Resources,Low
Library: teaching methodology is troublesome.,Library,Academic Support And Resources,Low
his lectures are too lengthy to absorb.,Classroom,Academic Support And Resources,Low
Library: he teaches basic concepts and evaluates from advanced ones.,Library,Academic Support And Resources,Low
"Library: only teaching, no discussion or activity.",Library,Academic Support And Resources,Low
he takes too long lectures.,Classroom,Academic Support And Resources,Low
Library: does not pay any attention towards the students during lecturing.,Library,Academic Support And Resources,Low
Library: he do his work with responsibility.,Library,Academic Support And Resources,Low
Library: awards high grades to undeserving students.,Library,Academic Support And Resources,Low
class lectures seems wastage of tome.,Classroom,Academic Support And Resources,Low
"Library: labs are poorly designed, lagging creativity.",Library,Academic Support And Resources,Low
Library: hands on work lacks modern tool usage.,Library,Academic Support And Resources,Low
Library: their communication is excellent.,Library,Academic Support And Resources,Low
Library: they scold students.,Library,Academic Support And Resources,Low
teachers disgrade us.,Classroom,Academic Support And Resources,Low
Library: their behaviour is disrespecting.,Library,Academic Support And Resources,Low
Library: their communication skills are shallow.,Library,Academic Support And Resources,Low
teachers do not know any thing about the subject.,Classroom,Academic Support And Resources,Low
Library: they do not treat us well.,Library,Academic Support And Resources,Low
teachers treat us unequally.,Classroom,Academic Support And Resources,Low
Library: she makes difference between a high grade and low grade student.,Library,Academic Support And Resources,Low
teacher ignores us and prefers a few.,Classroom,Academic Support And Resources,Low
Library: they redicule students on their low achievements.,Library,Academic Support And Resources,Low
teachers discourage and scold us on getting failed in the examination.,Classroom,Academic Support And Resources,Low
Library: he has the psychy of disliking students.,Library,Academic Support And Resources,Low
instructors lectures create stress.,Classroom,Academic Support And Resources,Low
attending teachers' lectures are punishment for the students.,Classroom,Academic Support And Resources,Low
teachers expect too high from the students.,Classroom,Academic Support And Resources,Low
faculty is inexperienced.,Classroom,Academic Support And Resources,Low
Huge gap between students and Teachers.,Classroom,Academic Support And Resources,Low
students fear teachers.,Classroom,Academic Support And Resources,Low
teachers lag in effective teaching.,Classroom,Academic Support And Resources,Low
Library: they lag in hands on skills.,Library,Academic Support And Resources,Low
teachers are not available for councelling hours.,Classroom,Academic Support And Resources,Low
Library: they impart outdated information.,Library,Academic Support And Resources,Low
Classroom: Lab work is not effective at all.,Classroom,Academic Support And Resources,Low
teachers force us to complete lab task.,Classroom,Academic Support And Resources,Low
Classroom: That instructor compels student to complete on lab task.,Classroom,Academic Support And Resources,Low
Library: in terms of intraction that is very bad.,Library,Academic Support And Resources,Low
Library: creating extra work load for student at the end of each semester is their practice.,Library,Academic Support And Resources,Low
Library: a few instructors do not have grip on the subject.,Library,Academic Support And Resources,Low
Library: they merely depend on slides which is not good.,Library,Academic Support And Resources,Low
Library: usage of slides is a easy way of teaching but still leaving some concepts unclear.,Library,Academic Support And Resources,Low
Lecture delivery sometimes is not upto the mark.,Classroom,Academic Support And Resources,Low
Library: their interaction is also kind of boring.,Library,Academic Support And Resources,Low
Library: they lack in subject knowledge.,Library,Academic Support And Resources,Low
Library: the quality of teaching and stuff delivered is not good.,Library,Academic Support And Resources,Low
Library: teacher recommended books are poor.,Library,Academic Support And Resources,Low
not effective in terms of lecture delivery by all the faculty .,Classroom,Academic Support And Resources,Low
not satisfactory from teacher-student point of view.,Classroom,Academic Support And Resources,Low
Library: not good at all.,Library,Academic Support And Resources,Low
Library: fails to describe a topic.,Library,Academic Support And Resources,Low
Library: a few lacks in interaction with students.,Library,Academic Support And Resources,Low
Library: average.,Library,Academic Support And Resources,Low
lecture delivery not of top quality.,Classroom,Academic Support And Resources,Low
Library: they are biased.,Library,Academic Support And Resources,Low
Library: I am not satisfied.,Library,Academic Support And Resources,Low
Library: way of teaching is average.,Library,Academic Support And Resources,Low
Library: not good.,Library,Academic Support And Resources,Low
few lecturers do not have command on the subject and lag in the teaching.,Classroom,Academic Support And Resources,Low
lecture delivery needs more lucidity.,Classroom,Academic Support And Resources,Low
"Library: no coordination, creating communication gap.",Library,Academic Support And Resources,Low
some teachers are partial in their approach.,Classroom,Academic Support And Resources,Low
Library: they are not fair in awarding marks and grades.,Library,Academic Support And Resources,Low
"interaction of some faculty was not good at all,.",Classroom,Academic Support And Resources,Low
one teacher showing partiality based on gender.,Classroom,Academic Support And Resources,Low
Library: Also they are unfair and baised.,Library,Academic Support And Resources,Low
teaching is good some lecturers are showing partiality between south people and north people.,Classroom,Academic Support And Resources,Low
Library: need improvement.,Library,Academic Support And Resources,Low
Library: no teaching material is provided to us.,Library,Academic Support And Resources,Low
Some of the teacher are inexperienced.,Classroom,Academic Support And Resources,Low
Infact many of the teachers are having no experience about the subject.,Classroom,Academic Support And Resources,Low
Library: QUALITY BELOW AVERAGE.,Library,Academic Support And Resources,Low
Library: TEACHING is not appropriate.,Library,Academic Support And Resources,Low
Library: depth of course is less.,Library,Academic Support And Resources,Low
Library: content does not provide deep knowledge.,Library,Academic Support And Resources,Low
